/* Up Script */

SET IDENTITY_INSERT [dbo].[Client] ON 
SET IDENTITY_INSERT [dbo].[Project] ON 
SET IDENTITY_INSERT [dbo].[Scheme] ON 
SET IDENTITY_INSERT [dbo].[RefType] ON
SET IDENTITY_INSERT [dbo].[CompanyRefType] ON 
SET IDENTITY_INSERT [dbo].[Company_Client_Project_Scheme] ON 
--Client
INSERT INTO Client (Id,Name,CreatedOn,CreatedBy,LastModifiedOn,LastModifiedBy) VALUES
	 (1,N'Crushing','2021-08-24 00:00:00.0',0,NULL,NULL),
	 (2,N'Washing','2021-08-24 00:00:00.0',0,NULL,NULL),
	 (3,N'Loading','2021-08-24 00:00:00.0',0,NULL,NULL),
	 (4,N'Geology','2021-08-24 00:00:00.0',0,NULL,NULL),
	 (5,N'Round Robin','2021-08-24 00:00:00.0',0,NULL,NULL),
	 (6,N'Environment','2021-08-24 00:00:00.0',0,NULL,NULL),
	 (7,N'Calibration','2021-08-24 00:00:00.0',0,NULL,NULL),
	 (8,N'Check','2021-08-24 00:00:00.0',0,NULL,NULL),
	 (9,N'Special','2021-08-24 00:00:00.0',0,NULL,NULL),
	 (10,N'Flow Test','2021-08-24 00:00:00.0',0,NULL,NULL);
INSERT INTO Client (Id,Name,CreatedOn,CreatedBy,LastModifiedOn,LastModifiedBy) VALUES
	 (11,N'Sizing','2021-08-24 00:00:00.0',0,NULL,NULL),
	 (12,N'ROM','2021-08-24 00:00:00.0',0,NULL,NULL),
	 (13,N'Rapid Test','2021-08-24 00:00:00.0',0,NULL,NULL),
	 (14,N'Crushing','2021-08-24 00:00:00.0',0,NULL,NULL),
	 (15,N'Washing','2021-08-24 00:00:00.0',0,NULL,NULL),
	 (16,N'Loading','2021-08-24 00:00:00.0',0,NULL,NULL),
	 (17,N'Geology','2021-08-24 00:00:00.0',0,NULL,NULL),
	 (18,N'Round Robin','2021-08-24 00:00:00.0',0,NULL,NULL),
	 (19,N'Environment','2021-08-24 00:00:00.0',0,NULL,NULL),
	 (20,N'Calibration','2021-08-24 00:00:00.0',0,NULL,NULL);
INSERT INTO Client (Id,Name,CreatedOn,CreatedBy,LastModifiedOn,LastModifiedBy) VALUES
	 (21,N'Check','2021-08-24 00:00:00.0',0,NULL,NULL),
	 (22,N'Special','2021-08-24 00:00:00.0',0,NULL,NULL),
	 (23,N'Flow Test','2021-08-24 00:00:00.0',0,NULL,NULL),
	 (24,N'Sizing','2021-08-24 00:00:00.0',0,NULL,NULL),
	 (25,N'ROM','2021-08-24 00:00:00.0',0,NULL,NULL),
	 (26,N'Rapid Test','2021-08-24 00:00:00.0',0,NULL,NULL);

--Project
INSERT INTO Project (Id,Name,CreatedOn,CreatedBy,LastModifiedOn,LastModifiedBy,Code,[Type]) VALUES
	 (1,N'Crushing Plant','2021-08-25 00:00:00.0',0,NULL,NULL,N'CP',N'Crushing'),
	 (2,N'Crushing Plant 1','2021-08-25 00:00:00.0',0,NULL,NULL,N'C1',N'Crushing'),
	 (3,N'Crushing Plant 2','2021-08-25 00:00:00.0',0,NULL,NULL,N'C2',N'Crushing'),
	 (4,N'Crushing Plant 3','2021-08-25 00:00:00.0',0,NULL,NULL,N'C3',N'Crushing'),
	 (5,N'Washing Plant 1','2021-08-25 00:00:00.0',0,NULL,NULL,N'W1',N'General'),
	 (6,N'Washing Plant','2021-08-25 00:00:00.0',0,NULL,NULL,N'WP',N'General'),
	 (7,N'Barge Loading','2021-08-25 00:00:00.0',0,NULL,NULL,N'BL',N'Barge'),
	 (8,N'Ship Loading','2021-08-25 00:00:00.0',0,NULL,NULL,N'SL',N'Vessel'),
	 (9,N'Preproduction (Test Quality)','2021-08-25 00:00:00.0',0,NULL,NULL,N'PP',N'General'),
	 (10,N'Exploration (Infill)','2021-08-25 00:00:00.0',0,NULL,NULL,N'EX',N'General');
INSERT INTO Project (Id,Name,CreatedOn,CreatedBy,LastModifiedOn,LastModifiedBy,Code,[Type]) VALUES
	 (11,N'Development','2021-08-25 00:00:00.0',0,NULL,NULL,NULL,N'General'),
	 (12,N'Solid','2021-08-25 00:00:00.0',0,NULL,NULL,N'ES',N'General'),
	 (13,N'Waters','2021-08-25 00:00:00.0',0,NULL,NULL,NULL,N'General'),
	 (14,N'NAPP','2021-08-25 00:00:00.0',0,NULL,NULL,N'ENA',N'General'),
	 (15,N'Pit Monitoring','2021-08-25 00:00:00.0',0,NULL,NULL,N'PM',N'General'),
	 (16,N'Special Project','2021-08-25 00:00:00.0',0,NULL,NULL,N'SP',N'General'),
	 (17,N'Proficiency Test','2021-08-25 00:00:00.0',0,NULL,NULL,N'RR-PTS',N'General'),
	 (18,N'Geoservices','2021-08-25 00:00:00.0',0,NULL,NULL,N'RR-GEOS',N'General'),
	 (19,N'Calibration','2021-08-25 00:00:00.0',0,NULL,NULL,NULL,N'General'),
	 (20,N'Internal Calibration','2021-08-25 00:00:00.0',0,NULL,NULL,N'IC',N'General');
INSERT INTO Project (Id,Name,CreatedOn,CreatedBy,LastModifiedOn,LastModifiedBy,Code,[Type]) VALUES
	 (21,N'External Calibration','2021-08-25 00:00:00.0',0,NULL,NULL,N'EC',N'General'),
	 (22,N'Daily Check','2021-08-25 00:00:00.0',0,NULL,NULL,N'DC',N'General'),
	 (23,N'Special','2021-08-25 00:00:00.0',0,NULL,NULL,NULL,N'General'),
	 (24,N'Flow Test','2021-08-25 00:00:00.0',0,NULL,NULL,N'FLOW',N'General'),
	 (25,N'Size','2021-08-25 00:00:00.0',0,NULL,NULL,N'SIZE',N'General'),
	 (26,N'Inspection','2021-08-25 00:00:00.0',0,NULL,NULL,N'RI',N'General'),
	 (27,N'Crushing Plant','2021-08-25 00:00:00.0',0,NULL,NULL,N'CP',N'Crushing'),
	 (28,N'Crushing Plant 1','2021-08-25 00:00:00.0',0,NULL,NULL,N'C1',N'Crushing'),
	 (29,N'Crushing Plant 2','2021-08-25 00:00:00.0',0,NULL,NULL,N'C2',N'Crushing'),
	 (30,N'Crushing Plant 3','2021-08-25 00:00:00.0',0,NULL,NULL,N'C3',N'Crushing');
INSERT INTO Project (Id,Name,CreatedOn,CreatedBy,LastModifiedOn,LastModifiedBy,Code,[Type]) VALUES
	 (31,N'Washing Plant 1','2021-08-25 00:00:00.0',0,NULL,NULL,N'W1',N'General'),
	 (32,N'Washing Plant','2021-08-25 00:00:00.0',0,NULL,NULL,N'WP',N'General'),
	 (33,N'Barge Loading','2021-08-25 00:00:00.0',0,NULL,NULL,N'BL',N'Barge'),
	 (34,N'Ship Loading','2021-08-25 00:00:00.0',0,NULL,NULL,N'SL',N'Vessel'),
	 (35,N'Preproduction (Test Quality)','2021-08-25 00:00:00.0',0,NULL,NULL,N'PP',N'General'),
	 (36,N'Exploration (Infill)','2021-08-25 00:00:00.0',0,NULL,NULL,N'EX',N'General'),
	 (37,N'Development','2021-08-25 00:00:00.0',0,NULL,NULL,NULL,N'General'),
	 (38,N'Solid','2021-08-25 00:00:00.0',0,NULL,NULL,N'ES',N'General'),
	 (39,N'Waters','2021-08-25 00:00:00.0',0,NULL,NULL,NULL,N'General'),
	 (40,N'NAPP','2021-08-25 00:00:00.0',0,NULL,NULL,N'ENA',N'General');
INSERT INTO Project (Id,Name,CreatedOn,CreatedBy,LastModifiedOn,LastModifiedBy,Code,[Type]) VALUES
	 (41,N'Pit Monitoring','2021-08-25 00:00:00.0',0,NULL,NULL,N'PM',N'General'),
	 (42,N'Special Project','2021-08-25 00:00:00.0',0,NULL,NULL,N'SP',N'General'),
	 (43,N'Proficiency Test','2021-08-25 00:00:00.0',0,NULL,NULL,N'RR-PTS',N'General'),
	 (44,N'Geoservices','2021-08-25 00:00:00.0',0,NULL,NULL,N'RR-GEOS',N'General'),
	 (45,N'Calibration','2021-08-25 00:00:00.0',0,NULL,NULL,NULL,N'General'),
	 (46,N'Internal Calibration','2021-08-25 00:00:00.0',0,NULL,NULL,N'IC',N'General'),
	 (47,N'External Calibration','2021-08-25 00:00:00.0',0,NULL,NULL,N'EC',N'General'),
	 (48,N'Daily Check','2021-08-25 00:00:00.0',0,NULL,NULL,N'DC',N'General'),
	 (49,N'Special','2021-08-25 00:00:00.0',0,NULL,NULL,NULL,N'General'),
	 (50,N'Flow Test','2021-08-25 00:00:00.0',0,NULL,NULL,N'FLOW',N'General');
INSERT INTO Project (Id,Name,CreatedOn,CreatedBy,LastModifiedOn,LastModifiedBy,Code,[Type]) VALUES
	 (51,N'Size','2021-08-25 00:00:00.0',0,NULL,NULL,N'SIZE',N'General'),
	 (52,N'Inspection','2021-08-25 00:00:00.0',0,NULL,NULL,N'RI',N'General');

--Scheme
INSERT INTO Scheme (Id,Name,CreatedOn,CreatedBy,LastModifiedOn,LastModifiedBy,[Type],MinRepeatability,MaxRepeatability,Details) VALUES
	 (1,N'AA','2021-08-25 00:00:00.0',0,NULL,NULL,NULL,NULL,NULL,NULL),
	 (2,N'AAS COMP','2021-08-25 00:00:00.0',0,NULL,NULL,NULL,NULL,NULL,NULL),
	 (3,N'AFT','2021-08-25 00:00:00.0',0,NULL,NULL,NULL,NULL,NULL,NULL),
	 (4,N'ASH','2021-08-25 00:00:00.0',0,NULL,NULL,NULL,NULL,NULL,NULL),
	 (5,N'CRS','2021-08-25 00:00:00.0',0,NULL,NULL,NULL,NULL,NULL,NULL),
	 (6,N'CSN','2021-08-25 00:00:00.0',0,NULL,NULL,NULL,NULL,NULL,NULL),
	 (7,N'CV','2021-08-25 00:00:00.0',0,NULL,NULL,NULL,NULL,NULL,NULL),
	 (8,N'FC','2021-08-25 00:00:00.0',0,NULL,NULL,NULL,NULL,NULL,NULL),
	 (9,N'FM','2021-08-25 00:00:00.0',0,NULL,NULL,N'SIMPLO',NULL,NULL,NULL),
	 (10,N'HGI','2021-08-25 00:00:00.0',0,NULL,NULL,NULL,NULL,NULL,NULL);
INSERT INTO Scheme (Id,Name,CreatedOn,CreatedBy,LastModifiedOn,LastModifiedBy,[Type],MinRepeatability,MaxRepeatability,Details) VALUES
	 (11,N'H2SO4','2021-08-25 00:00:00.0',0,NULL,NULL,NULL,NULL,NULL,NULL),
	 (12,N'IM','2021-08-25 00:00:00.0',0,NULL,NULL,NULL,NULL,NULL,NULL),
	 (13,N'M','2021-08-25 00:00:00.0',0,NULL,NULL,NULL,NULL,NULL,NULL),
	 (14,N'NAG','2021-08-25 00:00:00.0',0,NULL,NULL,NULL,NULL,NULL,NULL),
	 (15,N'NAG 4','2021-08-25 00:00:00.0',0,NULL,NULL,NULL,NULL,NULL,NULL),
	 (16,N'NAG 7','2021-08-25 00:00:00.0',0,NULL,NULL,NULL,NULL,NULL,NULL),
	 (17,N'NAPP','2021-08-25 00:00:00.0',0,NULL,NULL,NULL,NULL,NULL,NULL),
	 (18,N'NA2O','2021-08-25 00:00:00.0',0,NULL,NULL,NULL,NULL,NULL,NULL),
	 (19,N'pH','2021-08-25 00:00:00.0',0,NULL,NULL,NULL,NULL,NULL,NULL),
	 (20,N'REPORT','2021-08-25 00:00:00.0',0,NULL,NULL,NULL,NULL,NULL,NULL);
INSERT INTO Scheme (Id,Name,CreatedOn,CreatedBy,LastModifiedOn,LastModifiedBy,[Type],MinRepeatability,MaxRepeatability,Details) VALUES
	 (21,N'REPORT NAPP','2021-08-25 00:00:00.0',0,NULL,NULL,NULL,NULL,NULL,NULL),
	 (22,N'REPORT ENV','2021-08-25 00:00:00.0',0,NULL,NULL,NULL,NULL,NULL,NULL),
	 (23,N'RD','2021-08-25 00:00:00.0',0,NULL,NULL,NULL,NULL,NULL,NULL),
	 (24,N'RM','2021-08-25 00:00:00.0',0,NULL,NULL,NULL,NULL,NULL,NULL),
	 (25,N'SIZE','2021-08-25 00:00:00.0',0,NULL,NULL,N'SIMPLO',NULL,NULL,NULL),
	 (26,N'TAA','2021-08-25 00:00:00.0',0,NULL,NULL,NULL,NULL,NULL,NULL),
	 (27,N'TGA','2021-08-25 00:00:00.0',0,NULL,NULL,NULL,NULL,NULL,NULL),
	 (28,N'TM','2021-08-25 00:00:00.0',0,NULL,NULL,NULL,NULL,NULL,NULL),
	 (29,N'TS','2021-08-25 00:00:00.0',0,NULL,NULL,NULL,NULL,NULL,NULL),
	 (30,N'ULTIMATE','2021-08-25 00:00:00.0',0,NULL,NULL,NULL,NULL,NULL,NULL);
INSERT INTO Scheme (Id,Name,CreatedOn,CreatedBy,LastModifiedOn,LastModifiedBy,[Type],MinRepeatability,MaxRepeatability,Details) VALUES
	 (31,N'VM','2021-08-25 00:00:00.0',0,NULL,NULL,NULL,NULL,NULL,NULL),
	 (32,N'FLOW','2021-08-25 00:00:00.0',0,NULL,NULL,NULL,NULL,NULL,NULL),
	 (33,N'TSS','2021-08-25 00:00:00.0',0,NULL,NULL,NULL,NULL,NULL,NULL);

--RefType
INSERT INTO RefType (Id,Name,CreatedOn,CreatedBy,LastModifiedOn,LastModifiedBy) VALUES
	 (1,N'ISO','2021-08-30 10:54:46.76',0,NULL,NULL),
	 (2,N'ASTM','2021-08-30 10:54:54.123',0,NULL,NULL);

--CompanyRefType
INSERT INTO Company_RefType (Id,CompanyCode,RefTypeId,CreatedOn,CreatedBy,LastModifiedOn,LastModifiedBy) VALUES
	 (1,N'TCM',1,'2021-08-30 10:55:48.307',0,NULL,NULL),
	 (2,N'TCM',2,'2021-08-30 10:55:53.54',0,NULL,NULL),
	 (3,N'BEK',1,'2021-08-30 10:55:59.987',0,NULL,NULL),
	 (4,N'BEK',2,'2021-08-30 10:55:59.0',0,NULL,NULL),
	 (5,N'IMM',1,'2021-08-30 10:55:59.0',0,NULL,NULL),
	 (6,N'IMM',2,'2021-08-30 10:55:59.0',0,NULL,NULL);

--CompanyClientProjectScheme
INSERT INTO Company_Client_Project_Scheme (Id,CompanyCode,ClientId,ProjectId,SchemeId,IsRequired,CreatedOn,CreatedBy,LastModifiedOn,LastModifiedBy) VALUES
	 (1,N'TCM',4,10,28,1,'2021-08-30 14:23:55.25',0,NULL,NULL),
	 (2,N'TCM',4,10,27,1,'2021-08-30 14:23:55.25',0,NULL,NULL),
	 (3,N'TCM',4,10,29,1,'2021-08-30 14:23:55.257',0,NULL,NULL),
	 (4,N'TCM',4,10,7,1,'2021-08-30 14:23:55.26',0,NULL,NULL),
	 (5,N'TCM',4,10,23,1,'2021-08-30 14:23:55.263',0,NULL,NULL),
	 (6,N'TCM',4,10,20,1,'2021-08-30 14:23:55.267',0,NULL,NULL),
	 (7,N'TCM',4,15,28,1,'2021-08-30 14:23:55.267',0,NULL,NULL),
	 (8,N'TCM',4,15,27,1,'2021-08-30 14:23:55.27',0,NULL,NULL),
	 (9,N'TCM',4,15,29,1,'2021-08-30 14:23:55.273',0,NULL,NULL),
	 (10,N'TCM',4,15,7,1,'2021-08-30 14:23:55.277',0,NULL,NULL);
INSERT INTO Company_Client_Project_Scheme (Id,CompanyCode,ClientId,ProjectId,SchemeId,IsRequired,CreatedOn,CreatedBy,LastModifiedOn,LastModifiedBy) VALUES
	 (11,N'TCM',4,15,23,1,'2021-08-30 14:23:55.277',0,NULL,NULL),
	 (12,N'TCM',4,15,20,1,'2021-08-30 14:23:55.283',0,NULL,NULL),
	 (13,N'TCM',4,16,28,1,'2021-08-30 14:23:55.283',0,NULL,NULL),
	 (14,N'TCM',4,16,27,1,'2021-08-30 14:23:55.287',0,NULL,NULL),
	 (15,N'TCM',4,16,29,1,'2021-08-30 14:23:55.287',0,NULL,NULL),
	 (16,N'TCM',4,16,7,1,'2021-08-30 14:23:55.29',0,NULL,NULL),
	 (17,N'TCM',4,16,23,1,'2021-08-30 14:23:55.29',0,NULL,NULL),
	 (18,N'TCM',4,16,20,1,'2021-08-30 14:23:55.293',0,NULL,NULL),
	 (19,N'TCM',12,26,28,1,'2021-08-30 14:23:55.3',0,NULL,NULL),
	 (20,N'TCM',12,26,4,1,'2021-08-30 14:23:55.3',0,NULL,NULL);
INSERT INTO Company_Client_Project_Scheme (Id,CompanyCode,ClientId,ProjectId,SchemeId,IsRequired,CreatedOn,CreatedBy,LastModifiedOn,LastModifiedBy) VALUES
	 (21,N'TCM',12,26,29,1,'2021-08-30 14:23:55.303',0,NULL,NULL),
	 (22,N'TCM',12,26,7,1,'2021-08-30 14:23:55.31',0,NULL,NULL),
	 (23,N'TCM',12,26,20,1,'2021-08-30 14:23:55.313',0,NULL,NULL),
	 (24,N'TCM',7,20,27,1,'2021-08-30 14:23:55.313',0,NULL,NULL),
	 (25,N'TCM',7,20,29,1,'2021-08-30 14:23:55.317',0,NULL,NULL),
	 (26,N'TCM',7,20,7,1,'2021-08-30 14:23:55.317',0,NULL,NULL),
	 (27,N'TCM',7,20,20,1,'2021-08-30 14:23:55.32',0,NULL,NULL),
	 (28,N'TCM',7,21,27,1,'2021-08-30 14:23:55.32',0,NULL,NULL),
	 (29,N'TCM',7,21,29,1,'2021-08-30 14:23:55.32',0,NULL,NULL),
	 (30,N'TCM',7,21,7,1,'2021-08-30 14:23:55.323',0,NULL,NULL);
INSERT INTO Company_Client_Project_Scheme (Id,CompanyCode,ClientId,ProjectId,SchemeId,IsRequired,CreatedOn,CreatedBy,LastModifiedOn,LastModifiedBy) VALUES
	 (31,N'TCM',7,21,20,1,'2021-08-30 14:23:55.323',0,NULL,NULL),
	 (32,N'TCM',8,22,28,1,'2021-08-30 14:23:55.327',0,NULL,NULL),
	 (33,N'TCM',8,22,27,1,'2021-08-30 14:23:55.327',0,NULL,NULL),
	 (34,N'TCM',8,22,29,1,'2021-08-30 14:23:55.33',0,NULL,NULL),
	 (35,N'TCM',8,22,7,1,'2021-08-30 14:23:55.33',0,NULL,NULL),
	 (36,N'TCM',8,22,20,1,'2021-08-30 14:23:55.333',0,NULL,NULL),
	 (37,N'TCM',13,1,28,1,'2021-08-30 14:23:55.333',0,NULL,NULL),
	 (38,N'TCM',13,1,27,1,'2021-08-30 14:23:55.337',0,NULL,NULL),
	 (39,N'TCM',13,1,29,1,'2021-08-30 14:23:55.337',0,NULL,NULL),
	 (40,N'TCM',13,1,7,1,'2021-08-30 14:23:55.34',0,NULL,NULL);
INSERT INTO Company_Client_Project_Scheme (Id,CompanyCode,ClientId,ProjectId,SchemeId,IsRequired,CreatedOn,CreatedBy,LastModifiedOn,LastModifiedBy) VALUES
	 (41,N'TCM',13,1,20,1,'2021-08-30 14:23:55.34',0,NULL,NULL),
	 (42,N'TCM',13,7,28,1,'2021-08-30 14:23:55.343',0,NULL,NULL),
	 (43,N'TCM',13,7,27,1,'2021-08-30 14:23:55.343',0,NULL,NULL),
	 (44,N'TCM',13,7,29,1,'2021-08-30 14:23:55.347',0,NULL,NULL),
	 (45,N'TCM',13,7,7,1,'2021-08-30 14:23:55.347',0,NULL,NULL),
	 (46,N'TCM',13,7,20,1,'2021-08-30 14:23:55.35',0,NULL,NULL),
	 (47,N'TCM',5,17,28,1,'2021-08-30 14:23:55.35',0,NULL,NULL),
	 (48,N'TCM',5,17,27,1,'2021-08-30 14:23:55.353',0,NULL,NULL),
	 (49,N'TCM',5,17,29,1,'2021-08-30 14:23:55.353',0,NULL,NULL),
	 (50,N'TCM',5,17,7,1,'2021-08-30 14:23:55.357',0,NULL,NULL);
INSERT INTO Company_Client_Project_Scheme (Id,CompanyCode,ClientId,ProjectId,SchemeId,IsRequired,CreatedOn,CreatedBy,LastModifiedOn,LastModifiedBy) VALUES
	 (51,N'TCM',5,17,20,1,'2021-08-30 14:23:55.357',0,NULL,NULL),
	 (52,N'TCM',5,18,28,1,'2021-08-30 14:23:55.36',0,NULL,NULL),
	 (53,N'TCM',5,18,27,1,'2021-08-30 14:23:55.36',0,NULL,NULL),
	 (54,N'TCM',5,18,29,1,'2021-08-30 14:23:55.363',0,NULL,NULL),
	 (55,N'TCM',5,18,7,1,'2021-08-30 14:23:55.363',0,NULL,NULL),
	 (56,N'TCM',5,18,20,1,'2021-08-30 14:23:55.367',0,NULL,NULL),
	 (57,N'TCM',11,25,25,1,'2021-08-30 14:23:55.37',0,NULL,NULL),
	 (58,N'TCM',11,25,20,1,'2021-08-30 14:23:55.37',0,NULL,NULL),
	 (59,N'TCM',10,24,20,1,'2021-08-30 14:23:55.373',0,NULL,NULL),
	 (60,N'TCM',10,24,12,1,'2021-08-30 14:23:55.373',0,NULL,NULL);
INSERT INTO Company_Client_Project_Scheme (Id,CompanyCode,ClientId,ProjectId,SchemeId,IsRequired,CreatedOn,CreatedBy,LastModifiedOn,LastModifiedBy) VALUES
	 (61,N'TCM',10,24,4,1,'2021-08-30 14:23:55.377',0,NULL,NULL),
	 (62,N'TCM',10,24,32,1,'2021-08-30 14:23:55.377',0,NULL,NULL),
	 (63,N'TCM',10,24,20,1,'2021-08-30 14:23:55.38',0,NULL,NULL),
	 (64,N'TCM',6,14,17,1,'2021-08-30 14:23:55.38',0,NULL,NULL),
	 (65,N'TCM',6,14,21,1,'2021-08-30 14:23:55.38',0,NULL,NULL),
	 (66,N'TCM',6,12,14,1,'2021-08-30 14:23:55.383',0,NULL,NULL),
	 (67,N'TCM',6,12,19,1,'2021-08-30 14:23:55.387',0,NULL,NULL),
	 (68,N'TCM',6,12,29,1,'2021-08-30 14:23:55.39',0,NULL,NULL),
	 (69,N'TCM',6,12,22,1,'2021-08-30 14:23:55.39',0,NULL,NULL),
	 (70,N'BEK',1,2,9,1,'2021-08-30 14:23:55.393',0,NULL,NULL);
INSERT INTO Company_Client_Project_Scheme (Id,CompanyCode,ClientId,ProjectId,SchemeId,IsRequired,CreatedOn,CreatedBy,LastModifiedOn,LastModifiedBy) VALUES
	 (71,N'BEK',1,2,24,1,'2021-08-30 14:23:55.393',0,NULL,NULL),
	 (72,N'BEK',1,2,28,1,'2021-08-30 14:23:55.397',0,NULL,NULL),
	 (73,N'BEK',1,2,13,1,'2021-08-30 14:23:55.397',0,NULL,NULL),
	 (74,N'BEK',1,2,4,1,'2021-08-30 14:23:55.4',0,NULL,NULL),
	 (75,N'BEK',1,2,29,1,'2021-08-30 14:23:55.4',0,NULL,NULL),
	 (76,N'BEK',1,2,7,1,'2021-08-30 14:23:55.403',0,NULL,NULL),
	 (77,N'BEK',1,2,20,1,'2021-08-30 14:23:55.407',0,NULL,NULL),
	 (78,N'BEK',1,3,9,1,'2021-08-30 14:23:55.407',0,NULL,NULL),
	 (79,N'BEK',1,3,24,1,'2021-08-30 14:23:55.41',0,NULL,NULL),
	 (80,N'BEK',1,3,28,1,'2021-08-30 14:23:55.41',0,NULL,NULL);
INSERT INTO Company_Client_Project_Scheme (Id,CompanyCode,ClientId,ProjectId,SchemeId,IsRequired,CreatedOn,CreatedBy,LastModifiedOn,LastModifiedBy) VALUES
	 (81,N'BEK',1,3,13,1,'2021-08-30 14:23:55.41',0,NULL,NULL),
	 (82,N'BEK',1,3,4,1,'2021-08-30 14:23:55.413',0,NULL,NULL),
	 (83,N'BEK',1,3,29,1,'2021-08-30 14:23:55.413',0,NULL,NULL),
	 (84,N'BEK',1,3,7,1,'2021-08-30 14:23:55.417',0,NULL,NULL),
	 (85,N'BEK',1,3,20,1,'2021-08-30 14:23:55.417',0,NULL,NULL),
	 (86,N'BEK',2,6,9,1,'2021-08-30 14:23:55.42',0,NULL,NULL),
	 (87,N'BEK',2,6,24,1,'2021-08-30 14:23:55.42',0,NULL,NULL),
	 (88,N'BEK',2,6,28,1,'2021-08-30 14:23:55.423',0,NULL,NULL),
	 (89,N'BEK',2,6,13,1,'2021-08-30 14:23:55.423',0,NULL,NULL),
	 (90,N'BEK',2,6,4,1,'2021-08-30 14:23:55.427',0,NULL,NULL);
INSERT INTO Company_Client_Project_Scheme (Id,CompanyCode,ClientId,ProjectId,SchemeId,IsRequired,CreatedOn,CreatedBy,LastModifiedOn,LastModifiedBy) VALUES
	 (91,N'BEK',2,6,29,1,'2021-08-30 14:23:55.427',0,NULL,NULL),
	 (92,N'BEK',2,6,7,1,'2021-08-30 14:23:55.43',0,NULL,NULL),
	 (93,N'BEK',2,6,20,1,'2021-08-30 14:23:55.43',0,NULL,NULL),
	 (94,N'BEK',3,7,9,1,'2021-08-30 14:23:55.433',0,NULL,NULL),
	 (95,N'BEK',3,7,24,1,'2021-08-30 14:23:55.433',0,NULL,NULL),
	 (96,N'BEK',3,7,28,1,'2021-08-30 14:23:55.437',0,NULL,NULL),
	 (97,N'BEK',3,7,13,1,'2021-08-30 14:23:55.437',0,NULL,NULL),
	 (98,N'BEK',3,7,4,1,'2021-08-30 14:23:55.44',0,NULL,NULL),
	 (99,N'BEK',3,7,31,1,'2021-08-30 14:23:55.44',0,NULL,NULL),
	 (100,N'BEK',3,7,8,1,'2021-08-30 14:23:55.443',0,NULL,NULL);
INSERT INTO Company_Client_Project_Scheme (Id,CompanyCode,ClientId,ProjectId,SchemeId,IsRequired,CreatedOn,CreatedBy,LastModifiedOn,LastModifiedBy) VALUES
	 (101,N'BEK',3,7,29,1,'2021-08-30 14:23:55.443',0,NULL,NULL),
	 (102,N'BEK',3,7,7,1,'2021-08-30 14:23:55.45',0,NULL,NULL),
	 (103,N'BEK',3,7,25,1,'2021-08-30 14:23:55.45',0,NULL,NULL),
	 (104,N'BEK',3,7,20,1,'2021-08-30 14:23:55.453',0,NULL,NULL),
	 (105,N'BEK',3,8,9,1,'2021-08-30 14:23:55.453',0,NULL,NULL),
	 (106,N'BEK',3,8,24,1,'2021-08-30 14:23:55.457',0,NULL,NULL),
	 (107,N'BEK',3,8,28,1,'2021-08-30 14:23:55.457',0,NULL,NULL),
	 (108,N'BEK',3,8,13,1,'2021-08-30 14:23:55.46',0,NULL,NULL),
	 (109,N'BEK',3,8,4,1,'2021-08-30 14:23:55.46',0,NULL,NULL),
	 (110,N'BEK',3,8,31,1,'2021-08-30 14:23:55.463',0,NULL,NULL);
INSERT INTO Company_Client_Project_Scheme (Id,CompanyCode,ClientId,ProjectId,SchemeId,IsRequired,CreatedOn,CreatedBy,LastModifiedOn,LastModifiedBy) VALUES
	 (111,N'BEK',3,8,8,1,'2021-08-30 14:23:55.463',0,NULL,NULL),
	 (112,N'BEK',3,8,29,1,'2021-08-30 14:23:55.467',0,NULL,NULL),
	 (113,N'BEK',3,8,7,1,'2021-08-30 14:23:55.47',0,NULL,NULL),
	 (114,N'BEK',3,8,25,1,'2021-08-30 14:23:55.47',0,NULL,NULL),
	 (115,N'BEK',3,8,20,1,'2021-08-30 14:23:55.47',0,NULL,NULL),
	 (116,N'BEK',4,9,9,1,'2021-08-30 14:23:55.473',0,NULL,NULL),
	 (117,N'BEK',4,9,24,1,'2021-08-30 14:23:55.477',0,NULL,NULL),
	 (118,N'BEK',4,9,28,1,'2021-08-30 14:23:55.477',0,NULL,NULL),
	 (119,N'BEK',4,9,13,1,'2021-08-30 14:23:55.48',0,NULL,NULL),
	 (120,N'BEK',4,9,4,1,'2021-08-30 14:23:55.48',0,NULL,NULL);
INSERT INTO Company_Client_Project_Scheme (Id,CompanyCode,ClientId,ProjectId,SchemeId,IsRequired,CreatedOn,CreatedBy,LastModifiedOn,LastModifiedBy) VALUES
	 (121,N'BEK',4,9,31,1,'2021-08-30 14:23:55.483',0,NULL,NULL),
	 (122,N'BEK',4,9,8,1,'2021-08-30 14:23:55.483',0,NULL,NULL),
	 (123,N'BEK',4,9,29,1,'2021-08-30 14:23:55.487',0,NULL,NULL),
	 (124,N'BEK',4,9,7,1,'2021-08-30 14:23:55.487',0,NULL,NULL),
	 (125,N'BEK',4,9,23,1,'2021-08-30 14:23:55.49',0,NULL,NULL),
	 (126,N'BEK',4,9,2,1,'2021-08-30 14:23:55.49',0,NULL,NULL),
	 (127,N'BEK',4,9,20,1,'2021-08-30 14:23:55.493',0,NULL,NULL),
	 (128,N'BEK',4,10,9,1,'2021-08-30 14:23:55.493',0,NULL,NULL),
	 (129,N'BEK',4,10,24,1,'2021-08-30 14:23:55.497',0,NULL,NULL),
	 (130,N'BEK',4,10,28,1,'2021-08-30 14:23:55.5',0,NULL,NULL);
INSERT INTO Company_Client_Project_Scheme (Id,CompanyCode,ClientId,ProjectId,SchemeId,IsRequired,CreatedOn,CreatedBy,LastModifiedOn,LastModifiedBy) VALUES
	 (131,N'BEK',4,10,13,1,'2021-08-30 14:23:55.5',0,NULL,NULL),
	 (132,N'BEK',4,10,4,1,'2021-08-30 14:23:55.503',0,NULL,NULL),
	 (133,N'BEK',4,10,31,1,'2021-08-30 14:23:55.503',0,NULL,NULL),
	 (134,N'BEK',4,10,8,1,'2021-08-30 14:23:55.507',0,NULL,NULL),
	 (135,N'BEK',4,10,29,1,'2021-08-30 14:23:55.507',0,NULL,NULL),
	 (136,N'BEK',4,10,7,1,'2021-08-30 14:23:55.507',0,NULL,NULL),
	 (137,N'BEK',4,10,23,1,'2021-08-30 14:23:55.51',0,NULL,NULL),
	 (138,N'BEK',4,10,2,1,'2021-08-30 14:23:55.51',0,NULL,NULL),
	 (139,N'BEK',4,10,20,1,'2021-08-30 14:23:55.513',0,NULL,NULL),
	 (140,N'BEK',4,11,9,1,'2021-08-30 14:23:55.513',0,NULL,NULL);
INSERT INTO Company_Client_Project_Scheme (Id,CompanyCode,ClientId,ProjectId,SchemeId,IsRequired,CreatedOn,CreatedBy,LastModifiedOn,LastModifiedBy) VALUES
	 (141,N'BEK',4,11,24,1,'2021-08-30 14:23:55.517',0,NULL,NULL),
	 (142,N'BEK',4,11,28,1,'2021-08-30 14:23:55.517',0,NULL,NULL),
	 (143,N'BEK',4,11,13,1,'2021-08-30 14:23:55.52',0,NULL,NULL),
	 (144,N'BEK',4,11,4,1,'2021-08-30 14:23:55.52',0,NULL,NULL),
	 (145,N'BEK',4,11,31,1,'2021-08-30 14:23:55.523',0,NULL,NULL),
	 (146,N'BEK',4,11,8,1,'2021-08-30 14:23:55.523',0,NULL,NULL),
	 (147,N'BEK',4,11,29,1,'2021-08-30 14:23:55.527',0,NULL,NULL),
	 (148,N'BEK',4,11,7,1,'2021-08-30 14:23:55.53',0,NULL,NULL),
	 (149,N'BEK',4,11,23,1,'2021-08-30 14:23:55.53',0,NULL,NULL),
	 (150,N'BEK',4,11,2,1,'2021-08-30 14:23:55.533',0,NULL,NULL);
INSERT INTO Company_Client_Project_Scheme (Id,CompanyCode,ClientId,ProjectId,SchemeId,IsRequired,CreatedOn,CreatedBy,LastModifiedOn,LastModifiedBy) VALUES
	 (151,N'BEK',4,11,20,1,'2021-08-30 14:23:55.533',0,NULL,NULL),
	 (152,N'BEK',4,12,15,1,'2021-08-30 14:23:55.537',0,NULL,NULL),
	 (153,N'BEK',4,12,16,1,'2021-08-30 14:23:55.537',0,NULL,NULL),
	 (154,N'BEK',4,12,19,1,'2021-08-30 14:23:55.54',0,NULL,NULL),
	 (155,N'BEK',4,12,17,1,'2021-08-30 14:23:55.54',0,NULL,NULL),
	 (156,N'BEK',4,12,5,1,'2021-08-30 14:23:55.543',0,NULL,NULL),
	 (157,N'BEK',4,12,26,1,'2021-08-30 14:23:55.543',0,NULL,NULL),
	 (158,N'BEK',4,12,8,1,'2021-08-30 14:23:55.547',0,NULL,NULL),
	 (159,N'BEK',4,12,29,1,'2021-08-30 14:23:55.547',0,NULL,NULL),
	 (160,N'BEK',4,12,20,1,'2021-08-30 14:23:55.553',0,NULL,NULL);
INSERT INTO Company_Client_Project_Scheme (Id,CompanyCode,ClientId,ProjectId,SchemeId,IsRequired,CreatedOn,CreatedBy,LastModifiedOn,LastModifiedBy) VALUES
	 (161,N'BEK',4,13,19,1,'2021-08-30 14:23:55.553',0,NULL,NULL),
	 (162,N'BEK',4,13,33,1,'2021-08-30 14:23:55.56',0,NULL,NULL),
	 (163,N'BEK',4,13,20,1,'2021-08-30 14:23:55.56',0,NULL,NULL),
	 (164,N'BEK',5,17,9,1,'2021-08-30 14:23:55.56',0,NULL,NULL),
	 (165,N'BEK',5,17,24,1,'2021-08-30 14:23:55.563',0,NULL,NULL),
	 (166,N'BEK',5,17,28,1,'2021-08-30 14:23:55.567',0,NULL,NULL),
	 (167,N'BEK',5,17,13,1,'2021-08-30 14:23:55.57',0,NULL,NULL),
	 (168,N'BEK',5,17,4,1,'2021-08-30 14:23:55.57',0,NULL,NULL),
	 (169,N'BEK',5,17,31,1,'2021-08-30 14:23:55.57',0,NULL,NULL),
	 (170,N'BEK',5,17,8,1,'2021-08-30 14:23:55.573',0,NULL,NULL);
INSERT INTO Company_Client_Project_Scheme (Id,CompanyCode,ClientId,ProjectId,SchemeId,IsRequired,CreatedOn,CreatedBy,LastModifiedOn,LastModifiedBy) VALUES
	 (171,N'BEK',5,17,29,1,'2021-08-30 14:23:55.577',0,NULL,NULL),
	 (172,N'BEK',5,17,7,1,'2021-08-30 14:23:55.577',0,NULL,NULL),
	 (173,N'BEK',5,17,23,1,'2021-08-30 14:23:55.58',0,NULL,NULL),
	 (174,N'BEK',5,17,2,1,'2021-08-30 14:23:55.58',0,NULL,NULL),
	 (175,N'BEK',5,17,20,1,'2021-08-30 14:23:55.583',0,NULL,NULL),
	 (176,N'BEK',6,12,19,1,'2021-08-30 14:23:55.583',0,NULL,NULL),
	 (177,N'BEK',6,12,33,1,'2021-08-30 14:23:55.587',0,NULL,NULL),
	 (178,N'BEK',6,12,20,1,'2021-08-30 14:23:55.587',0,NULL,NULL),
	 (179,N'BEK',6,13,15,1,'2021-08-30 14:23:55.59',0,NULL,NULL),
	 (180,N'BEK',6,13,16,1,'2021-08-30 14:23:55.59',0,NULL,NULL);
INSERT INTO Company_Client_Project_Scheme (Id,CompanyCode,ClientId,ProjectId,SchemeId,IsRequired,CreatedOn,CreatedBy,LastModifiedOn,LastModifiedBy) VALUES
	 (181,N'BEK',6,13,19,1,'2021-08-30 14:23:55.593',0,NULL,NULL),
	 (182,N'BEK',6,13,17,1,'2021-08-30 14:23:55.597',0,NULL,NULL),
	 (183,N'BEK',6,13,5,1,'2021-08-30 14:23:55.6',0,NULL,NULL),
	 (184,N'BEK',6,13,26,1,'2021-08-30 14:23:55.6',0,NULL,NULL),
	 (185,N'BEK',6,13,29,1,'2021-08-30 14:23:55.603',0,NULL,NULL),
	 (186,N'BEK',6,13,20,1,'2021-08-30 14:23:55.603',0,NULL,NULL),
	 (187,N'BEK',7,19,9,1,'2021-08-30 14:23:55.607',0,NULL,NULL),
	 (188,N'BEK',7,19,24,1,'2021-08-30 14:23:55.607',0,NULL,NULL),
	 (189,N'BEK',7,19,28,1,'2021-08-30 14:23:55.61',0,NULL,NULL),
	 (190,N'BEK',7,19,13,1,'2021-08-30 14:23:55.61',0,NULL,NULL);
INSERT INTO Company_Client_Project_Scheme (Id,CompanyCode,ClientId,ProjectId,SchemeId,IsRequired,CreatedOn,CreatedBy,LastModifiedOn,LastModifiedBy) VALUES
	 (191,N'BEK',7,19,4,1,'2021-08-30 14:23:55.61',0,NULL,NULL),
	 (192,N'BEK',7,19,31,1,'2021-08-30 14:23:55.613',0,NULL,NULL),
	 (193,N'BEK',7,19,8,1,'2021-08-30 14:23:55.617',0,NULL,NULL),
	 (194,N'BEK',7,19,29,1,'2021-08-30 14:23:55.617',0,NULL,NULL),
	 (195,N'BEK',7,19,7,1,'2021-08-30 14:23:55.62',0,NULL,NULL),
	 (196,N'BEK',7,19,20,1,'2021-08-30 14:23:55.62',0,NULL,NULL),
	 (197,N'BEK',8,22,9,1,'2021-08-30 14:23:55.623',0,NULL,NULL),
	 (198,N'BEK',8,22,24,1,'2021-08-30 14:23:55.623',0,NULL,NULL),
	 (199,N'BEK',8,22,28,1,'2021-08-30 14:23:55.627',0,NULL,NULL),
	 (200,N'BEK',8,22,13,1,'2021-08-30 14:23:55.627',0,NULL,NULL);
INSERT INTO Company_Client_Project_Scheme (Id,CompanyCode,ClientId,ProjectId,SchemeId,IsRequired,CreatedOn,CreatedBy,LastModifiedOn,LastModifiedBy) VALUES
	 (201,N'BEK',8,22,4,1,'2021-08-30 14:23:55.63',0,NULL,NULL),
	 (202,N'BEK',8,22,31,1,'2021-08-30 14:23:55.63',0,NULL,NULL),
	 (203,N'BEK',8,22,8,1,'2021-08-30 14:23:55.633',0,NULL,NULL),
	 (204,N'BEK',8,22,29,1,'2021-08-30 14:23:55.633',0,NULL,NULL),
	 (205,N'BEK',8,22,7,1,'2021-08-30 14:23:55.637',0,NULL,NULL),
	 (206,N'BEK',8,22,23,1,'2021-08-30 14:23:55.637',0,NULL,NULL),
	 (207,N'BEK',8,22,2,1,'2021-08-30 14:23:55.64',0,NULL,NULL),
	 (208,N'BEK',8,22,20,1,'2021-08-30 14:23:55.64',0,NULL,NULL),
	 (209,N'BEK',9,23,9,1,'2021-08-30 14:23:55.64',0,NULL,NULL),
	 (210,N'BEK',9,23,24,1,'2021-08-30 14:23:55.643',0,NULL,NULL);
INSERT INTO Company_Client_Project_Scheme (Id,CompanyCode,ClientId,ProjectId,SchemeId,IsRequired,CreatedOn,CreatedBy,LastModifiedOn,LastModifiedBy) VALUES
	 (211,N'BEK',9,23,28,1,'2021-08-30 14:23:55.643',0,NULL,NULL),
	 (212,N'BEK',9,23,13,1,'2021-08-30 14:23:55.647',0,NULL,NULL),
	 (213,N'BEK',9,23,4,1,'2021-08-30 14:23:55.65',0,NULL,NULL),
	 (214,N'BEK',9,23,31,1,'2021-08-30 14:23:55.65',0,NULL,NULL),
	 (215,N'BEK',9,23,8,1,'2021-08-30 14:23:55.653',0,NULL,NULL),
	 (216,N'BEK',9,23,29,1,'2021-08-30 14:23:55.653',0,NULL,NULL),
	 (217,N'BEK',9,23,7,1,'2021-08-30 14:23:55.657',0,NULL,NULL),
	 (218,N'BEK',9,23,23,1,'2021-08-30 14:23:55.657',0,NULL,NULL),
	 (219,N'BEK',9,23,2,1,'2021-08-30 14:23:55.66',0,NULL,NULL),
	 (220,N'BEK',9,23,20,1,'2021-08-30 14:23:55.66',0,NULL,NULL);
INSERT INTO Company_Client_Project_Scheme (Id,CompanyCode,ClientId,ProjectId,SchemeId,IsRequired,CreatedOn,CreatedBy,LastModifiedOn,LastModifiedBy) VALUES
	 (221,N'BEK',10,24,9,1,'2021-08-30 14:23:55.66',0,NULL,NULL),
	 (222,N'BEK',10,24,24,1,'2021-08-30 14:23:55.663',0,NULL,NULL),
	 (223,N'BEK',10,24,28,1,'2021-08-30 14:23:55.667',0,NULL,NULL),
	 (224,N'BEK',10,24,20,1,'2021-08-30 14:23:55.67',0,NULL,NULL),
	 (225,N'BEK',11,25,25,1,'2021-08-30 14:23:55.67',0,NULL,NULL),
	 (226,N'BEK',11,25,20,1,'2021-08-30 14:23:55.67',0,NULL,NULL),
	 (227,N'TCM',1,2,1,0,'2021-09-02 11:14:28.067',0,NULL,NULL),
	 (228,N'TCM',1,2,3,0,'2021-09-02 11:14:28.067',0,NULL,NULL),
	 (229,N'TCM',1,2,4,0,'2021-09-02 11:14:28.067',0,NULL,NULL),
	 (230,N'TCM',1,2,5,0,'2021-09-02 11:14:28.067',0,NULL,NULL);
INSERT INTO Company_Client_Project_Scheme (Id,CompanyCode,ClientId,ProjectId,SchemeId,IsRequired,CreatedOn,CreatedBy,LastModifiedOn,LastModifiedBy) VALUES
	 (231,N'TCM',1,2,6,0,'2021-09-02 11:14:28.067',0,NULL,NULL),
	 (232,N'TCM',1,2,7,1,'2021-09-02 11:14:28.067',0,NULL,NULL),
	 (233,N'TCM',1,2,8,0,'2021-09-02 11:14:28.067',0,NULL,NULL),
	 (234,N'TCM',1,2,9,0,'2021-09-02 11:14:28.067',0,NULL,NULL),
	 (235,N'TCM',1,2,10,0,'2021-09-02 11:14:28.067',0,NULL,NULL),
	 (236,N'TCM',1,2,12,0,'2021-09-02 11:14:28.067',0,NULL,NULL),
	 (237,N'TCM',1,2,14,0,'2021-09-02 11:14:28.067',0,NULL,NULL),
	 (238,N'TCM',1,2,17,0,'2021-09-02 11:14:28.067',0,NULL,NULL),
	 (239,N'TCM',1,2,18,0,'2021-09-02 11:14:28.067',0,NULL,NULL),
	 (240,N'TCM',1,2,19,0,'2021-09-02 11:14:28.067',0,NULL,NULL);
INSERT INTO Company_Client_Project_Scheme (Id,CompanyCode,ClientId,ProjectId,SchemeId,IsRequired,CreatedOn,CreatedBy,LastModifiedOn,LastModifiedBy) VALUES
	 (241,N'TCM',1,2,20,1,'2021-09-02 11:14:28.067',0,NULL,NULL),
	 (242,N'TCM',1,2,21,0,'2021-09-02 11:14:28.067',0,NULL,NULL),
	 (243,N'TCM',1,2,22,0,'2021-09-02 11:14:28.067',0,NULL,NULL),
	 (244,N'TCM',1,2,23,0,'2021-09-02 11:14:28.067',0,NULL,NULL),
	 (245,N'TCM',1,2,24,0,'2021-09-02 11:14:28.067',0,NULL,NULL),
	 (246,N'TCM',1,2,27,1,'2021-09-02 11:14:28.067',0,NULL,NULL),
	 (247,N'TCM',1,2,28,1,'2021-09-02 11:14:28.067',0,NULL,NULL),
	 (248,N'TCM',1,2,29,1,'2021-09-02 11:14:28.067',0,NULL,NULL),
	 (249,N'TCM',1,2,30,0,'2021-09-02 11:14:28.067',0,NULL,NULL),
	 (250,N'TCM',1,2,31,0,'2021-09-02 11:14:28.067',0,NULL,NULL);
INSERT INTO Company_Client_Project_Scheme (Id,CompanyCode,ClientId,ProjectId,SchemeId,IsRequired,CreatedOn,CreatedBy,LastModifiedOn,LastModifiedBy) VALUES
	 (251,N'TCM',3,7,1,0,'2021-09-02 11:20:29.003',0,NULL,NULL),
	 (252,N'TCM',3,7,3,0,'2021-09-02 11:20:29.003',0,NULL,NULL),
	 (253,N'TCM',3,7,4,0,'2021-09-02 11:20:29.003',0,NULL,NULL),
	 (254,N'TCM',3,7,5,0,'2021-09-02 11:20:29.003',0,NULL,NULL),
	 (255,N'TCM',3,7,6,0,'2021-09-02 11:20:29.003',0,NULL,NULL),
	 (256,N'TCM',3,7,7,1,'2021-09-02 11:20:29.003',0,NULL,NULL),
	 (257,N'TCM',3,7,8,0,'2021-09-02 11:20:29.003',0,NULL,NULL),
	 (258,N'TCM',3,7,9,0,'2021-09-02 11:20:29.003',0,NULL,NULL),
	 (259,N'TCM',3,7,10,0,'2021-09-02 11:20:29.003',0,NULL,NULL),
	 (260,N'TCM',3,7,12,0,'2021-09-02 11:20:29.003',0,NULL,NULL);
INSERT INTO Company_Client_Project_Scheme (Id,CompanyCode,ClientId,ProjectId,SchemeId,IsRequired,CreatedOn,CreatedBy,LastModifiedOn,LastModifiedBy) VALUES
	 (261,N'TCM',3,7,14,0,'2021-09-02 11:20:29.003',0,NULL,NULL),
	 (262,N'TCM',3,7,17,0,'2021-09-02 11:20:29.003',0,NULL,NULL),
	 (263,N'TCM',3,7,18,0,'2021-09-02 11:20:29.003',0,NULL,NULL),
	 (264,N'TCM',3,7,19,0,'2021-09-02 11:20:29.003',0,NULL,NULL),
	 (265,N'TCM',3,7,20,1,'2021-09-02 11:20:29.003',0,NULL,NULL),
	 (266,N'TCM',3,7,21,0,'2021-09-02 11:20:29.003',0,NULL,NULL),
	 (267,N'TCM',3,7,22,0,'2021-09-02 11:20:29.003',0,NULL,NULL),
	 (268,N'TCM',3,7,23,0,'2021-09-02 11:20:29.003',0,NULL,NULL),
	 (269,N'TCM',3,7,24,0,'2021-09-02 11:20:29.003',0,NULL,NULL),
	 (270,N'TCM',3,7,27,1,'2021-09-02 11:20:29.003',0,NULL,NULL);
INSERT INTO Company_Client_Project_Scheme (Id,CompanyCode,ClientId,ProjectId,SchemeId,IsRequired,CreatedOn,CreatedBy,LastModifiedOn,LastModifiedBy) VALUES
	 (271,N'TCM',3,7,28,1,'2021-09-02 11:20:29.003',0,NULL,NULL),
	 (272,N'TCM',3,7,29,1,'2021-09-02 11:20:29.003',0,NULL,NULL),
	 (273,N'TCM',3,7,30,0,'2021-09-02 11:20:29.003',0,NULL,NULL),
	 (274,N'TCM',3,7,31,0,'2021-09-02 11:20:29.003',0,NULL,NULL),
	 (275,N'TCM',2,5,1,0,'2021-09-02 11:27:06.673',0,NULL,NULL),
	 (276,N'TCM',2,5,3,0,'2021-09-02 11:27:06.673',0,NULL,NULL),
	 (277,N'TCM',2,5,4,0,'2021-09-02 11:27:06.673',0,NULL,NULL),
	 (278,N'TCM',2,5,5,0,'2021-09-02 11:27:06.673',0,NULL,NULL),
	 (279,N'TCM',2,5,6,0,'2021-09-02 11:27:06.673',0,NULL,NULL),
	 (280,N'TCM',2,5,7,1,'2021-09-02 11:27:06.673',0,NULL,NULL);
INSERT INTO Company_Client_Project_Scheme (Id,CompanyCode,ClientId,ProjectId,SchemeId,IsRequired,CreatedOn,CreatedBy,LastModifiedOn,LastModifiedBy) VALUES
	 (281,N'TCM',2,5,8,0,'2021-09-02 11:27:06.673',0,NULL,NULL),
	 (282,N'TCM',2,5,9,0,'2021-09-02 11:27:06.673',0,NULL,NULL),
	 (283,N'TCM',2,5,10,0,'2021-09-02 11:27:06.673',0,NULL,NULL),
	 (284,N'TCM',2,5,12,0,'2021-09-02 11:27:06.673',0,NULL,NULL),
	 (285,N'TCM',2,5,14,0,'2021-09-02 11:27:06.673',0,NULL,NULL),
	 (286,N'TCM',2,5,17,0,'2021-09-02 11:27:06.673',0,NULL,NULL),
	 (287,N'TCM',2,5,18,0,'2021-09-02 11:27:06.673',0,NULL,NULL),
	 (288,N'TCM',2,5,19,0,'2021-09-02 11:27:06.673',0,NULL,NULL),
	 (289,N'TCM',2,5,20,1,'2021-09-02 11:27:06.673',0,NULL,NULL),
	 (290,N'TCM',2,5,21,0,'2021-09-02 11:27:06.673',0,NULL,NULL);
INSERT INTO Company_Client_Project_Scheme (Id,CompanyCode,ClientId,ProjectId,SchemeId,IsRequired,CreatedOn,CreatedBy,LastModifiedOn,LastModifiedBy) VALUES
	 (291,N'TCM',2,5,22,0,'2021-09-02 11:27:06.673',0,NULL,NULL),
	 (292,N'TCM',2,5,23,0,'2021-09-02 11:27:06.673',0,NULL,NULL),
	 (293,N'TCM',2,5,24,0,'2021-09-02 11:27:06.673',0,NULL,NULL),
	 (294,N'TCM',2,5,27,1,'2021-09-02 11:27:06.673',0,NULL,NULL),
	 (295,N'TCM',2,5,28,1,'2021-09-02 11:27:06.673',0,NULL,NULL),
	 (296,N'TCM',2,5,29,1,'2021-09-02 11:27:06.673',0,NULL,NULL),
	 (297,N'TCM',2,5,30,0,'2021-09-02 11:27:06.673',0,NULL,NULL),
	 (298,N'TCM',2,5,31,0,'2021-09-02 11:27:06.673',0,NULL,NULL),
	 (299,N'TCM',4,10,1,0,'2021-09-02 11:31:24.28',0,NULL,NULL),
	 (300,N'TCM',4,10,3,0,'2021-09-02 11:31:24.28',0,NULL,NULL);
INSERT INTO Company_Client_Project_Scheme (Id,CompanyCode,ClientId,ProjectId,SchemeId,IsRequired,CreatedOn,CreatedBy,LastModifiedOn,LastModifiedBy) VALUES
	 (301,N'TCM',4,10,4,0,'2021-09-02 11:31:24.28',0,NULL,NULL),
	 (302,N'TCM',4,10,5,0,'2021-09-02 11:31:24.28',0,NULL,NULL),
	 (303,N'TCM',4,10,6,0,'2021-09-02 11:31:24.28',0,NULL,NULL),
	 (304,N'TCM',4,10,8,0,'2021-09-02 11:31:24.28',0,NULL,NULL),
	 (305,N'TCM',4,10,9,0,'2021-09-02 11:31:24.28',0,NULL,NULL),
	 (306,N'TCM',4,10,10,0,'2021-09-02 11:31:24.28',0,NULL,NULL),
	 (307,N'TCM',4,10,12,0,'2021-09-02 11:31:24.28',0,NULL,NULL),
	 (308,N'TCM',4,10,14,0,'2021-09-02 11:31:24.28',0,NULL,NULL),
	 (309,N'TCM',4,10,17,0,'2021-09-02 11:31:24.28',0,NULL,NULL),
	 (310,N'TCM',4,10,18,0,'2021-09-02 11:31:24.28',0,NULL,NULL);
INSERT INTO Company_Client_Project_Scheme (Id,CompanyCode,ClientId,ProjectId,SchemeId,IsRequired,CreatedOn,CreatedBy,LastModifiedOn,LastModifiedBy) VALUES
	 (311,N'TCM',4,10,19,0,'2021-09-02 11:31:24.28',0,NULL,NULL),
	 (312,N'TCM',4,10,20,0,'2021-09-02 11:31:24.28',0,NULL,NULL),
	 (313,N'TCM',4,10,24,0,'2021-09-02 11:31:24.28',0,NULL,NULL),
	 (314,N'TCM',4,10,30,0,'2021-09-02 11:31:24.28',0,NULL,NULL),
	 (315,N'TCM',4,10,31,0,'2021-09-02 11:31:24.28',0,NULL,NULL),
	 (316,N'TCM',4,15,1,0,'2021-09-02 11:33:18.147',0,NULL,NULL),
	 (317,N'TCM',4,15,3,0,'2021-09-02 11:33:18.147',0,NULL,NULL),
	 (318,N'TCM',4,15,4,0,'2021-09-02 11:33:18.147',0,NULL,NULL),
	 (319,N'TCM',4,15,5,0,'2021-09-02 11:33:18.147',0,NULL,NULL),
	 (320,N'TCM',4,15,6,0,'2021-09-02 11:33:18.147',0,NULL,NULL);
INSERT INTO Company_Client_Project_Scheme (Id,CompanyCode,ClientId,ProjectId,SchemeId,IsRequired,CreatedOn,CreatedBy,LastModifiedOn,LastModifiedBy) VALUES
	 (321,N'TCM',4,15,8,0,'2021-09-02 11:33:18.147',0,NULL,NULL),
	 (322,N'TCM',4,15,9,0,'2021-09-02 11:33:18.147',0,NULL,NULL),
	 (323,N'TCM',4,15,10,0,'2021-09-02 11:33:18.147',0,NULL,NULL),
	 (324,N'TCM',4,15,12,0,'2021-09-02 11:33:18.147',0,NULL,NULL),
	 (325,N'TCM',4,15,14,0,'2021-09-02 11:33:18.147',0,NULL,NULL),
	 (326,N'TCM',4,15,17,0,'2021-09-02 11:33:18.147',0,NULL,NULL),
	 (327,N'TCM',4,15,18,0,'2021-09-02 11:33:18.147',0,NULL,NULL),
	 (328,N'TCM',4,15,19,0,'2021-09-02 11:33:18.147',0,NULL,NULL),
	 (330,N'TCM',4,15,24,0,'2021-09-02 11:33:18.147',0,NULL,NULL),
	 (331,N'TCM',4,15,30,0,'2021-09-02 11:33:18.147',0,NULL,NULL);
INSERT INTO Company_Client_Project_Scheme (Id,CompanyCode,ClientId,ProjectId,SchemeId,IsRequired,CreatedOn,CreatedBy,LastModifiedOn,LastModifiedBy) VALUES
	 (332,N'TCM',4,15,31,0,'2021-09-02 11:33:18.147',0,NULL,NULL),
	 (333,N'TCM',4,16,1,0,'2021-09-02 11:33:27.52',0,NULL,NULL),
	 (334,N'TCM',4,16,3,0,'2021-09-02 11:33:27.52',0,NULL,NULL),
	 (335,N'TCM',4,16,4,0,'2021-09-02 11:33:27.52',0,NULL,NULL),
	 (336,N'TCM',4,16,5,0,'2021-09-02 11:33:27.52',0,NULL,NULL),
	 (337,N'TCM',4,16,6,0,'2021-09-02 11:33:27.52',0,NULL,NULL),
	 (338,N'TCM',4,16,8,0,'2021-09-02 11:33:27.52',0,NULL,NULL),
	 (339,N'TCM',4,16,9,0,'2021-09-02 11:33:27.52',0,NULL,NULL),
	 (340,N'TCM',4,16,10,0,'2021-09-02 11:33:27.52',0,NULL,NULL),
	 (341,N'TCM',4,16,12,0,'2021-09-02 11:33:27.52',0,NULL,NULL);
INSERT INTO Company_Client_Project_Scheme (Id,CompanyCode,ClientId,ProjectId,SchemeId,IsRequired,CreatedOn,CreatedBy,LastModifiedOn,LastModifiedBy) VALUES
	 (342,N'TCM',4,16,14,0,'2021-09-02 11:33:27.52',0,NULL,NULL),
	 (343,N'TCM',4,16,17,0,'2021-09-02 11:33:27.52',0,NULL,NULL),
	 (344,N'TCM',4,16,18,0,'2021-09-02 11:33:27.52',0,NULL,NULL),
	 (345,N'TCM',4,16,19,0,'2021-09-02 11:33:27.52',0,NULL,NULL),
	 (347,N'TCM',4,16,24,0,'2021-09-02 11:33:27.52',0,NULL,NULL),
	 (348,N'TCM',4,16,30,0,'2021-09-02 11:33:27.52',0,NULL,NULL),
	 (349,N'TCM',4,16,31,0,'2021-09-02 11:33:27.52',0,NULL,NULL),
	 (350,N'TCM',12,26,1,0,'2021-09-02 11:37:49.493',0,NULL,NULL),
	 (351,N'TCM',12,26,3,0,'2021-09-02 11:37:49.493',0,NULL,NULL),
	 (352,N'TCM',12,26,5,0,'2021-09-02 11:37:49.493',0,NULL,NULL);
INSERT INTO Company_Client_Project_Scheme (Id,CompanyCode,ClientId,ProjectId,SchemeId,IsRequired,CreatedOn,CreatedBy,LastModifiedOn,LastModifiedBy) VALUES
	 (353,N'TCM',12,26,6,0,'2021-09-02 11:37:49.493',0,NULL,NULL),
	 (354,N'TCM',12,26,8,0,'2021-09-02 11:37:49.493',0,NULL,NULL),
	 (355,N'TCM',12,26,9,0,'2021-09-02 11:37:49.493',0,NULL,NULL),
	 (356,N'TCM',12,26,10,0,'2021-09-02 11:37:49.493',0,NULL,NULL),
	 (357,N'TCM',12,26,12,0,'2021-09-02 11:37:49.493',0,NULL,NULL),
	 (358,N'TCM',12,26,14,0,'2021-09-02 11:37:49.493',0,NULL,NULL),
	 (359,N'TCM',12,26,17,0,'2021-09-02 11:37:49.493',0,NULL,NULL),
	 (360,N'TCM',12,26,18,0,'2021-09-02 11:37:49.493',0,NULL,NULL),
	 (361,N'TCM',12,26,19,0,'2021-09-02 11:37:49.493',0,NULL,NULL),
	 (362,N'TCM',12,26,21,0,'2021-09-02 11:37:49.493',0,NULL,NULL);
INSERT INTO Company_Client_Project_Scheme (Id,CompanyCode,ClientId,ProjectId,SchemeId,IsRequired,CreatedOn,CreatedBy,LastModifiedOn,LastModifiedBy) VALUES
	 (363,N'TCM',12,26,22,0,'2021-09-02 11:37:49.493',0,NULL,NULL),
	 (364,N'TCM',12,26,23,0,'2021-09-02 11:37:49.493',0,NULL,NULL),
	 (365,N'TCM',12,26,24,0,'2021-09-02 11:37:49.493',0,NULL,NULL),
	 (366,N'TCM',12,26,27,0,'2021-09-02 11:37:49.493',0,NULL,NULL),
	 (367,N'TCM',12,26,30,0,'2021-09-02 11:37:49.493',0,NULL,NULL),
	 (368,N'TCM',12,26,31,0,'2021-09-02 11:37:49.493',0,NULL,NULL),
	 (369,N'TCM',7,20,1,0,'2021-09-02 11:40:34.523',0,NULL,NULL),
	 (370,N'TCM',7,20,3,0,'2021-09-02 11:40:34.523',0,NULL,NULL),
	 (371,N'TCM',7,20,4,0,'2021-09-02 11:40:34.523',0,NULL,NULL),
	 (372,N'TCM',7,20,5,0,'2021-09-02 11:40:34.523',0,NULL,NULL);
INSERT INTO Company_Client_Project_Scheme (Id,CompanyCode,ClientId,ProjectId,SchemeId,IsRequired,CreatedOn,CreatedBy,LastModifiedOn,LastModifiedBy) VALUES
	 (373,N'TCM',7,20,6,0,'2021-09-02 11:40:34.523',0,NULL,NULL),
	 (374,N'TCM',7,20,8,0,'2021-09-02 11:40:34.523',0,NULL,NULL),
	 (375,N'TCM',7,20,9,0,'2021-09-02 11:40:34.523',0,NULL,NULL),
	 (376,N'TCM',7,20,10,0,'2021-09-02 11:40:34.523',0,NULL,NULL),
	 (377,N'TCM',7,20,12,0,'2021-09-02 11:40:34.523',0,NULL,NULL),
	 (378,N'TCM',7,20,14,0,'2021-09-02 11:40:34.523',0,NULL,NULL),
	 (379,N'TCM',7,20,17,0,'2021-09-02 11:40:34.523',0,NULL,NULL),
	 (380,N'TCM',7,20,18,0,'2021-09-02 11:40:34.523',0,NULL,NULL),
	 (381,N'TCM',7,20,19,0,'2021-09-02 11:40:34.523',0,NULL,NULL),
	 (382,N'TCM',7,20,21,0,'2021-09-02 11:40:34.523',0,NULL,NULL);
INSERT INTO Company_Client_Project_Scheme (Id,CompanyCode,ClientId,ProjectId,SchemeId,IsRequired,CreatedOn,CreatedBy,LastModifiedOn,LastModifiedBy) VALUES
	 (383,N'TCM',7,20,22,0,'2021-09-02 11:40:34.523',0,NULL,NULL),
	 (384,N'TCM',7,20,23,0,'2021-09-02 11:40:34.523',0,NULL,NULL),
	 (385,N'TCM',7,20,24,0,'2021-09-02 11:40:34.523',0,NULL,NULL),
	 (386,N'TCM',7,20,28,0,'2021-09-02 11:40:34.523',0,NULL,NULL),
	 (387,N'TCM',7,20,30,0,'2021-09-02 11:40:34.523',0,NULL,NULL),
	 (388,N'TCM',7,20,31,0,'2021-09-02 11:40:34.523',0,NULL,NULL),
	 (389,N'TCM',7,21,1,0,'2021-09-02 11:40:43.49',0,NULL,NULL),
	 (390,N'TCM',7,21,3,0,'2021-09-02 11:40:43.49',0,NULL,NULL),
	 (391,N'TCM',7,21,4,0,'2021-09-02 11:40:43.49',0,NULL,NULL),
	 (392,N'TCM',7,21,5,0,'2021-09-02 11:40:43.49',0,NULL,NULL);
INSERT INTO Company_Client_Project_Scheme (Id,CompanyCode,ClientId,ProjectId,SchemeId,IsRequired,CreatedOn,CreatedBy,LastModifiedOn,LastModifiedBy) VALUES
	 (393,N'TCM',7,21,6,0,'2021-09-02 11:40:43.49',0,NULL,NULL),
	 (394,N'TCM',7,21,8,0,'2021-09-02 11:40:43.49',0,NULL,NULL),
	 (395,N'TCM',7,21,9,0,'2021-09-02 11:40:43.49',0,NULL,NULL),
	 (396,N'TCM',7,21,10,0,'2021-09-02 11:40:43.49',0,NULL,NULL),
	 (397,N'TCM',7,21,12,0,'2021-09-02 11:40:43.49',0,NULL,NULL),
	 (398,N'TCM',7,21,14,0,'2021-09-02 11:40:43.49',0,NULL,NULL),
	 (399,N'TCM',7,21,17,0,'2021-09-02 11:40:43.49',0,NULL,NULL),
	 (400,N'TCM',7,21,18,0,'2021-09-02 11:40:43.49',0,NULL,NULL),
	 (401,N'TCM',7,21,19,0,'2021-09-02 11:40:43.49',0,NULL,NULL),
	 (402,N'TCM',7,21,21,0,'2021-09-02 11:40:43.49',0,NULL,NULL);
INSERT INTO Company_Client_Project_Scheme (Id,CompanyCode,ClientId,ProjectId,SchemeId,IsRequired,CreatedOn,CreatedBy,LastModifiedOn,LastModifiedBy) VALUES
	 (403,N'TCM',7,21,22,0,'2021-09-02 11:40:43.49',0,NULL,NULL),
	 (404,N'TCM',7,21,23,0,'2021-09-02 11:40:43.49',0,NULL,NULL),
	 (405,N'TCM',7,21,24,0,'2021-09-02 11:40:43.49',0,NULL,NULL),
	 (406,N'TCM',7,21,28,0,'2021-09-02 11:40:43.49',0,NULL,NULL),
	 (407,N'TCM',7,21,30,0,'2021-09-02 11:40:43.49',0,NULL,NULL),
	 (408,N'TCM',7,21,31,0,'2021-09-02 11:40:43.49',0,NULL,NULL),
	 (409,N'TCM',8,22,1,0,'2021-09-02 11:41:41.1',0,NULL,NULL),
	 (410,N'TCM',8,22,3,0,'2021-09-02 11:41:41.1',0,NULL,NULL),
	 (411,N'TCM',8,22,4,0,'2021-09-02 11:41:41.1',0,NULL,NULL),
	 (412,N'TCM',8,22,5,0,'2021-09-02 11:41:41.1',0,NULL,NULL);
INSERT INTO Company_Client_Project_Scheme (Id,CompanyCode,ClientId,ProjectId,SchemeId,IsRequired,CreatedOn,CreatedBy,LastModifiedOn,LastModifiedBy) VALUES
	 (413,N'TCM',8,22,6,0,'2021-09-02 11:41:41.1',0,NULL,NULL),
	 (414,N'TCM',8,22,8,0,'2021-09-02 11:41:41.1',0,NULL,NULL),
	 (415,N'TCM',8,22,9,0,'2021-09-02 11:41:41.1',0,NULL,NULL),
	 (416,N'TCM',8,22,10,0,'2021-09-02 11:41:41.1',0,NULL,NULL),
	 (417,N'TCM',8,22,12,0,'2021-09-02 11:41:41.1',0,NULL,NULL),
	 (418,N'TCM',8,22,14,0,'2021-09-02 11:41:41.1',0,NULL,NULL),
	 (419,N'TCM',8,22,17,0,'2021-09-02 11:41:41.1',0,NULL,NULL),
	 (420,N'TCM',8,22,18,0,'2021-09-02 11:41:41.1',0,NULL,NULL),
	 (421,N'TCM',8,22,19,0,'2021-09-02 11:41:41.1',0,NULL,NULL),
	 (422,N'TCM',8,22,21,0,'2021-09-02 11:41:41.1',0,NULL,NULL);
INSERT INTO Company_Client_Project_Scheme (Id,CompanyCode,ClientId,ProjectId,SchemeId,IsRequired,CreatedOn,CreatedBy,LastModifiedOn,LastModifiedBy) VALUES
	 (423,N'TCM',8,22,22,0,'2021-09-02 11:41:41.1',0,NULL,NULL),
	 (424,N'TCM',8,22,23,0,'2021-09-02 11:41:41.1',0,NULL,NULL),
	 (425,N'TCM',8,22,24,0,'2021-09-02 11:41:41.1',0,NULL,NULL),
	 (426,N'TCM',8,22,30,0,'2021-09-02 11:41:41.1',0,NULL,NULL),
	 (427,N'TCM',8,22,31,0,'2021-09-02 11:41:41.1',0,NULL,NULL),
	 (428,N'TCM',13,1,1,0,'2021-09-02 11:42:40.413',0,NULL,NULL),
	 (429,N'TCM',13,1,3,0,'2021-09-02 11:42:40.413',0,NULL,NULL),
	 (430,N'TCM',13,1,4,0,'2021-09-02 11:42:40.413',0,NULL,NULL),
	 (431,N'TCM',13,1,5,0,'2021-09-02 11:42:40.413',0,NULL,NULL),
	 (432,N'TCM',13,1,6,0,'2021-09-02 11:42:40.413',0,NULL,NULL);
INSERT INTO Company_Client_Project_Scheme (Id,CompanyCode,ClientId,ProjectId,SchemeId,IsRequired,CreatedOn,CreatedBy,LastModifiedOn,LastModifiedBy) VALUES
	 (433,N'TCM',13,1,8,0,'2021-09-02 11:42:40.413',0,NULL,NULL),
	 (434,N'TCM',13,1,9,0,'2021-09-02 11:42:40.413',0,NULL,NULL),
	 (435,N'TCM',13,1,10,0,'2021-09-02 11:42:40.413',0,NULL,NULL),
	 (436,N'TCM',13,1,12,0,'2021-09-02 11:42:40.413',0,NULL,NULL),
	 (437,N'TCM',13,1,14,0,'2021-09-02 11:42:40.413',0,NULL,NULL),
	 (438,N'TCM',13,1,17,0,'2021-09-02 11:42:40.413',0,NULL,NULL),
	 (439,N'TCM',13,1,18,0,'2021-09-02 11:42:40.413',0,NULL,NULL),
	 (440,N'TCM',13,1,19,0,'2021-09-02 11:42:40.413',0,NULL,NULL),
	 (441,N'TCM',13,1,21,0,'2021-09-02 11:42:40.413',0,NULL,NULL),
	 (442,N'TCM',13,1,22,0,'2021-09-02 11:42:40.413',0,NULL,NULL);
INSERT INTO Company_Client_Project_Scheme (Id,CompanyCode,ClientId,ProjectId,SchemeId,IsRequired,CreatedOn,CreatedBy,LastModifiedOn,LastModifiedBy) VALUES
	 (443,N'TCM',13,1,23,0,'2021-09-02 11:42:40.413',0,NULL,NULL),
	 (444,N'TCM',13,1,24,0,'2021-09-02 11:42:40.413',0,NULL,NULL),
	 (445,N'TCM',13,1,30,0,'2021-09-02 11:42:40.413',0,NULL,NULL),
	 (446,N'TCM',13,1,31,0,'2021-09-02 11:42:40.413',0,NULL,NULL),
	 (447,N'TCM',13,7,1,0,'2021-09-02 11:42:58.88',0,NULL,NULL),
	 (448,N'TCM',13,7,3,0,'2021-09-02 11:42:58.88',0,NULL,NULL),
	 (449,N'TCM',13,7,4,0,'2021-09-02 11:42:58.88',0,NULL,NULL),
	 (450,N'TCM',13,7,5,0,'2021-09-02 11:42:58.88',0,NULL,NULL),
	 (451,N'TCM',13,7,6,0,'2021-09-02 11:42:58.88',0,NULL,NULL),
	 (452,N'TCM',13,7,8,0,'2021-09-02 11:42:58.88',0,NULL,NULL);
INSERT INTO Company_Client_Project_Scheme (Id,CompanyCode,ClientId,ProjectId,SchemeId,IsRequired,CreatedOn,CreatedBy,LastModifiedOn,LastModifiedBy) VALUES
	 (453,N'TCM',13,7,9,0,'2021-09-02 11:42:58.88',0,NULL,NULL),
	 (454,N'TCM',13,7,10,0,'2021-09-02 11:42:58.88',0,NULL,NULL),
	 (455,N'TCM',13,7,12,0,'2021-09-02 11:42:58.88',0,NULL,NULL),
	 (456,N'TCM',13,7,14,0,'2021-09-02 11:42:58.88',0,NULL,NULL),
	 (457,N'TCM',13,7,17,0,'2021-09-02 11:42:58.88',0,NULL,NULL),
	 (458,N'TCM',13,7,18,0,'2021-09-02 11:42:58.88',0,NULL,NULL),
	 (459,N'TCM',13,7,19,0,'2021-09-02 11:42:58.88',0,NULL,NULL),
	 (460,N'TCM',13,7,21,0,'2021-09-02 11:42:58.88',0,NULL,NULL),
	 (461,N'TCM',13,7,22,0,'2021-09-02 11:42:58.88',0,NULL,NULL),
	 (462,N'TCM',13,7,23,0,'2021-09-02 11:42:58.88',0,NULL,NULL);
INSERT INTO Company_Client_Project_Scheme (Id,CompanyCode,ClientId,ProjectId,SchemeId,IsRequired,CreatedOn,CreatedBy,LastModifiedOn,LastModifiedBy) VALUES
	 (463,N'TCM',13,7,24,0,'2021-09-02 11:42:58.88',0,NULL,NULL),
	 (464,N'TCM',13,7,30,0,'2021-09-02 11:42:58.88',0,NULL,NULL),
	 (465,N'TCM',13,7,31,0,'2021-09-02 11:42:58.88',0,NULL,NULL),
	 (466,N'TCM',5,17,1,0,'2021-09-02 11:43:39.023',0,NULL,NULL),
	 (467,N'TCM',5,17,3,0,'2021-09-02 11:43:39.023',0,NULL,NULL),
	 (468,N'TCM',5,17,4,0,'2021-09-02 11:43:39.023',0,NULL,NULL),
	 (469,N'TCM',5,17,5,0,'2021-09-02 11:43:39.023',0,NULL,NULL),
	 (470,N'TCM',5,17,6,0,'2021-09-02 11:43:39.023',0,NULL,NULL),
	 (471,N'TCM',5,17,8,0,'2021-09-02 11:43:39.023',0,NULL,NULL),
	 (472,N'TCM',5,17,9,0,'2021-09-02 11:43:39.023',0,NULL,NULL);
INSERT INTO Company_Client_Project_Scheme (Id,CompanyCode,ClientId,ProjectId,SchemeId,IsRequired,CreatedOn,CreatedBy,LastModifiedOn,LastModifiedBy) VALUES
	 (473,N'TCM',5,17,10,0,'2021-09-02 11:43:39.023',0,NULL,NULL),
	 (474,N'TCM',5,17,12,0,'2021-09-02 11:43:39.023',0,NULL,NULL),
	 (475,N'TCM',5,17,14,0,'2021-09-02 11:43:39.023',0,NULL,NULL),
	 (476,N'TCM',5,17,17,0,'2021-09-02 11:43:39.023',0,NULL,NULL),
	 (477,N'TCM',5,17,18,0,'2021-09-02 11:43:39.023',0,NULL,NULL),
	 (478,N'TCM',5,17,19,0,'2021-09-02 11:43:39.023',0,NULL,NULL),
	 (479,N'TCM',5,17,21,0,'2021-09-02 11:43:39.023',0,NULL,NULL),
	 (480,N'TCM',5,17,22,0,'2021-09-02 11:43:39.023',0,NULL,NULL),
	 (481,N'TCM',5,17,23,0,'2021-09-02 11:43:39.023',0,NULL,NULL),
	 (482,N'TCM',5,17,24,0,'2021-09-02 11:43:39.023',0,NULL,NULL);
INSERT INTO Company_Client_Project_Scheme (Id,CompanyCode,ClientId,ProjectId,SchemeId,IsRequired,CreatedOn,CreatedBy,LastModifiedOn,LastModifiedBy) VALUES
	 (483,N'TCM',5,17,30,0,'2021-09-02 11:43:39.023',0,NULL,NULL),
	 (484,N'TCM',5,17,31,0,'2021-09-02 11:43:39.023',0,NULL,NULL),
	 (485,N'TCM',5,18,1,0,'2021-09-02 11:43:49.85',0,NULL,NULL),
	 (486,N'TCM',5,18,3,0,'2021-09-02 11:43:49.85',0,NULL,NULL),
	 (487,N'TCM',5,18,4,0,'2021-09-02 11:43:49.85',0,NULL,NULL),
	 (488,N'TCM',5,18,5,0,'2021-09-02 11:43:49.85',0,NULL,NULL),
	 (489,N'TCM',5,18,6,0,'2021-09-02 11:43:49.85',0,NULL,NULL),
	 (490,N'TCM',5,18,8,0,'2021-09-02 11:43:49.85',0,NULL,NULL),
	 (491,N'TCM',5,18,9,0,'2021-09-02 11:43:49.85',0,NULL,NULL),
	 (492,N'TCM',5,18,10,0,'2021-09-02 11:43:49.85',0,NULL,NULL);
INSERT INTO Company_Client_Project_Scheme (Id,CompanyCode,ClientId,ProjectId,SchemeId,IsRequired,CreatedOn,CreatedBy,LastModifiedOn,LastModifiedBy) VALUES
	 (493,N'TCM',5,18,12,0,'2021-09-02 11:43:49.85',0,NULL,NULL),
	 (494,N'TCM',5,18,14,0,'2021-09-02 11:43:49.85',0,NULL,NULL),
	 (495,N'TCM',5,18,17,0,'2021-09-02 11:43:49.85',0,NULL,NULL),
	 (496,N'TCM',5,18,18,0,'2021-09-02 11:43:49.85',0,NULL,NULL),
	 (497,N'TCM',5,18,19,0,'2021-09-02 11:43:49.85',0,NULL,NULL),
	 (498,N'TCM',5,18,21,0,'2021-09-02 11:43:49.85',0,NULL,NULL),
	 (499,N'TCM',5,18,22,0,'2021-09-02 11:43:49.85',0,NULL,NULL),
	 (500,N'TCM',5,18,23,0,'2021-09-02 11:43:49.85',0,NULL,NULL),
	 (501,N'TCM',5,18,24,0,'2021-09-02 11:43:49.85',0,NULL,NULL),
	 (502,N'TCM',5,18,30,0,'2021-09-02 11:43:49.85',0,NULL,NULL);
INSERT INTO Company_Client_Project_Scheme (Id,CompanyCode,ClientId,ProjectId,SchemeId,IsRequired,CreatedOn,CreatedBy,LastModifiedOn,LastModifiedBy) VALUES
	 (503,N'TCM',5,18,31,0,'2021-09-02 11:43:49.85',0,NULL,NULL),
	 (504,N'TCM',6,14,1,0,'2021-09-02 11:45:16.177',0,NULL,NULL),
	 (505,N'TCM',6,14,3,0,'2021-09-02 11:45:16.177',0,NULL,NULL),
	 (506,N'TCM',6,14,4,0,'2021-09-02 11:45:16.177',0,NULL,NULL),
	 (507,N'TCM',6,14,5,0,'2021-09-02 11:45:16.177',0,NULL,NULL),
	 (508,N'TCM',6,14,6,0,'2021-09-02 11:45:16.177',0,NULL,NULL),
	 (509,N'TCM',6,14,7,0,'2021-09-02 11:45:16.177',0,NULL,NULL),
	 (510,N'TCM',6,14,8,0,'2021-09-02 11:45:16.177',0,NULL,NULL),
	 (511,N'TCM',6,14,9,0,'2021-09-02 11:45:16.177',0,NULL,NULL),
	 (512,N'TCM',6,14,10,0,'2021-09-02 11:45:16.177',0,NULL,NULL);
INSERT INTO Company_Client_Project_Scheme (Id,CompanyCode,ClientId,ProjectId,SchemeId,IsRequired,CreatedOn,CreatedBy,LastModifiedOn,LastModifiedBy) VALUES
	 (513,N'TCM',6,14,12,0,'2021-09-02 11:45:16.177',0,NULL,NULL),
	 (514,N'TCM',6,14,14,0,'2021-09-02 11:45:16.177',0,NULL,NULL),
	 (515,N'TCM',6,14,18,0,'2021-09-02 11:45:16.177',0,NULL,NULL),
	 (516,N'TCM',6,14,19,0,'2021-09-02 11:45:16.177',0,NULL,NULL),
	 (517,N'TCM',6,14,20,0,'2021-09-02 11:45:16.177',0,NULL,NULL),
	 (518,N'TCM',6,14,22,0,'2021-09-02 11:45:16.177',0,NULL,NULL),
	 (519,N'TCM',6,14,23,0,'2021-09-02 11:45:16.177',0,NULL,NULL),
	 (520,N'TCM',6,14,24,0,'2021-09-02 11:45:16.177',0,NULL,NULL),
	 (521,N'TCM',6,14,27,0,'2021-09-02 11:45:16.177',0,NULL,NULL),
	 (522,N'TCM',6,14,28,0,'2021-09-02 11:45:16.177',0,NULL,NULL);
INSERT INTO Company_Client_Project_Scheme (Id,CompanyCode,ClientId,ProjectId,SchemeId,IsRequired,CreatedOn,CreatedBy,LastModifiedOn,LastModifiedBy) VALUES
	 (523,N'TCM',6,14,29,0,'2021-09-02 11:45:16.177',0,NULL,NULL),
	 (524,N'TCM',6,14,30,0,'2021-09-02 11:45:16.177',0,NULL,NULL),
	 (525,N'TCM',6,14,31,0,'2021-09-02 11:45:16.177',0,NULL,NULL),
	 (526,N'TCM',6,12,1,0,'2021-09-02 11:45:53.973',0,NULL,NULL),
	 (527,N'TCM',6,12,3,0,'2021-09-02 11:45:53.973',0,NULL,NULL),
	 (528,N'TCM',6,12,4,0,'2021-09-02 11:45:53.973',0,NULL,NULL),
	 (529,N'TCM',6,12,5,0,'2021-09-02 11:45:53.973',0,NULL,NULL),
	 (530,N'TCM',6,12,6,0,'2021-09-02 11:45:53.973',0,NULL,NULL),
	 (531,N'TCM',6,12,7,0,'2021-09-02 11:45:53.973',0,NULL,NULL),
	 (532,N'TCM',6,12,8,0,'2021-09-02 11:45:53.973',0,NULL,NULL);
INSERT INTO Company_Client_Project_Scheme (Id,CompanyCode,ClientId,ProjectId,SchemeId,IsRequired,CreatedOn,CreatedBy,LastModifiedOn,LastModifiedBy) VALUES
	 (533,N'TCM',6,12,9,0,'2021-09-02 11:45:53.973',0,NULL,NULL),
	 (534,N'TCM',6,12,10,0,'2021-09-02 11:45:53.973',0,NULL,NULL),
	 (535,N'TCM',6,12,12,0,'2021-09-02 11:45:53.973',0,NULL,NULL),
	 (536,N'TCM',6,12,17,0,'2021-09-02 11:45:53.973',0,NULL,NULL),
	 (537,N'TCM',6,12,18,0,'2021-09-02 11:45:53.973',0,NULL,NULL),
	 (538,N'TCM',6,12,20,0,'2021-09-02 11:45:53.973',0,NULL,NULL),
	 (539,N'TCM',6,12,21,0,'2021-09-02 11:45:53.973',0,NULL,NULL),
	 (540,N'TCM',6,12,23,0,'2021-09-02 11:45:53.973',0,NULL,NULL),
	 (541,N'TCM',6,12,24,0,'2021-09-02 11:45:53.973',0,NULL,NULL),
	 (542,N'TCM',6,12,27,0,'2021-09-02 11:45:53.973',0,NULL,NULL);
INSERT INTO Company_Client_Project_Scheme (Id,CompanyCode,ClientId,ProjectId,SchemeId,IsRequired,CreatedOn,CreatedBy,LastModifiedOn,LastModifiedBy) VALUES
	 (543,N'TCM',6,12,28,0,'2021-09-02 11:45:53.973',0,NULL,NULL),
	 (544,N'TCM',6,12,30,0,'2021-09-02 11:45:53.973',0,NULL,NULL),
	 (545,N'TCM',6,12,31,0,'2021-09-02 11:45:53.973',0,NULL,NULL),
	 (546,N'IMM',1,4,1,0,'2021-09-02 12:15:06.453',0,NULL,NULL),
	 (547,N'IMM',1,4,4,1,'2021-09-02 12:15:06.453',0,NULL,NULL),
	 (548,N'IMM',1,4,5,0,'2021-09-02 12:15:06.453',0,NULL,NULL),
	 (549,N'IMM',1,4,6,0,'2021-09-02 12:15:06.453',0,NULL,NULL),
	 (550,N'IMM',1,4,7,1,'2021-09-02 12:15:06.453',0,NULL,NULL),
	 (551,N'IMM',1,4,8,0,'2021-09-02 12:15:06.453',0,NULL,NULL),
	 (552,N'IMM',1,4,9,1,'2021-09-02 12:15:06.453',0,NULL,NULL);
INSERT INTO Company_Client_Project_Scheme (Id,CompanyCode,ClientId,ProjectId,SchemeId,IsRequired,CreatedOn,CreatedBy,LastModifiedOn,LastModifiedBy) VALUES
	 (553,N'IMM',1,4,10,0,'2021-09-02 12:15:06.453',0,NULL,NULL),
	 (554,N'IMM',1,4,12,0,'2021-09-02 12:15:06.453',0,NULL,NULL),
	 (555,N'IMM',1,4,14,0,'2021-09-02 12:15:06.453',0,NULL,NULL),
	 (556,N'IMM',1,4,17,0,'2021-09-02 12:15:06.453',0,NULL,NULL),
	 (557,N'IMM',1,4,18,0,'2021-09-02 12:15:06.453',0,NULL,NULL),
	 (558,N'IMM',1,4,19,0,'2021-09-02 12:15:06.453',0,NULL,NULL),
	 (559,N'IMM',1,4,20,1,'2021-09-02 12:15:06.453',0,NULL,NULL),
	 (560,N'IMM',1,4,21,0,'2021-09-02 12:15:06.453',0,NULL,NULL),
	 (561,N'IMM',1,4,22,0,'2021-09-02 12:15:06.453',0,NULL,NULL),
	 (562,N'IMM',1,4,23,0,'2021-09-02 12:15:06.453',0,NULL,NULL);
INSERT INTO Company_Client_Project_Scheme (Id,CompanyCode,ClientId,ProjectId,SchemeId,IsRequired,CreatedOn,CreatedBy,LastModifiedOn,LastModifiedBy) VALUES
	 (563,N'IMM',1,4,24,1,'2021-09-02 12:15:06.453',0,NULL,NULL),
	 (564,N'IMM',1,4,27,0,'2021-09-02 12:15:06.453',0,NULL,NULL),
	 (565,N'IMM',1,4,28,1,'2021-09-02 12:15:06.453',0,NULL,NULL),
	 (566,N'IMM',1,4,29,1,'2021-09-02 12:15:06.453',0,NULL,NULL),
	 (567,N'IMM',1,4,30,0,'2021-09-02 12:15:06.453',0,NULL,NULL),
	 (568,N'IMM',1,4,31,0,'2021-09-02 12:15:06.453',0,NULL,NULL),
	 (569,N'IMM',1,3,1,0,'2021-09-02 12:15:06.453',0,NULL,NULL),
	 (570,N'IMM',1,3,4,1,'2021-09-02 12:15:06.453',0,NULL,NULL),
	 (571,N'IMM',1,3,5,0,'2021-09-02 12:15:06.453',0,NULL,NULL),
	 (572,N'IMM',1,3,6,0,'2021-09-02 12:15:06.453',0,NULL,NULL);
INSERT INTO Company_Client_Project_Scheme (Id,CompanyCode,ClientId,ProjectId,SchemeId,IsRequired,CreatedOn,CreatedBy,LastModifiedOn,LastModifiedBy) VALUES
	 (573,N'IMM',1,3,7,1,'2021-09-02 12:15:06.453',0,NULL,NULL),
	 (574,N'IMM',1,3,8,0,'2021-09-02 12:15:06.453',0,NULL,NULL),
	 (575,N'IMM',1,3,9,1,'2021-09-02 12:15:06.453',0,NULL,NULL),
	 (576,N'IMM',1,3,10,0,'2021-09-02 12:15:06.453',0,NULL,NULL),
	 (577,N'IMM',1,3,12,0,'2021-09-02 12:15:06.453',0,NULL,NULL),
	 (578,N'IMM',1,3,14,0,'2021-09-02 12:15:06.453',0,NULL,NULL),
	 (579,N'IMM',1,3,17,0,'2021-09-02 12:15:06.453',0,NULL,NULL),
	 (580,N'IMM',1,3,18,0,'2021-09-02 12:15:06.453',0,NULL,NULL),
	 (581,N'IMM',1,3,19,0,'2021-09-02 12:15:06.453',0,NULL,NULL),
	 (582,N'IMM',1,3,20,1,'2021-09-02 12:15:06.453',0,NULL,NULL);
INSERT INTO Company_Client_Project_Scheme (Id,CompanyCode,ClientId,ProjectId,SchemeId,IsRequired,CreatedOn,CreatedBy,LastModifiedOn,LastModifiedBy) VALUES
	 (583,N'IMM',1,3,21,0,'2021-09-02 12:15:06.453',0,NULL,NULL),
	 (584,N'IMM',1,3,22,0,'2021-09-02 12:15:06.453',0,NULL,NULL),
	 (585,N'IMM',1,3,23,0,'2021-09-02 12:15:06.453',0,NULL,NULL),
	 (586,N'IMM',1,3,24,1,'2021-09-02 12:15:06.453',0,NULL,NULL),
	 (587,N'IMM',1,3,27,0,'2021-09-02 12:15:06.453',0,NULL,NULL),
	 (588,N'IMM',1,3,28,1,'2021-09-02 12:15:06.453',0,NULL,NULL),
	 (589,N'IMM',1,3,29,1,'2021-09-02 12:15:06.453',0,NULL,NULL),
	 (590,N'IMM',1,3,30,0,'2021-09-02 12:15:06.453',0,NULL,NULL),
	 (591,N'IMM',1,3,31,0,'2021-09-02 12:15:06.453',0,NULL,NULL),
	 (592,N'IMM',2,6,1,0,'2021-09-02 12:15:06.453',0,NULL,NULL);
INSERT INTO Company_Client_Project_Scheme (Id,CompanyCode,ClientId,ProjectId,SchemeId,IsRequired,CreatedOn,CreatedBy,LastModifiedOn,LastModifiedBy) VALUES
	 (593,N'IMM',2,6,4,1,'2021-09-02 12:15:06.453',0,NULL,NULL),
	 (594,N'IMM',2,6,5,0,'2021-09-02 12:15:06.453',0,NULL,NULL),
	 (595,N'IMM',2,6,6,0,'2021-09-02 12:15:06.453',0,NULL,NULL),
	 (596,N'IMM',2,6,7,1,'2021-09-02 12:15:06.453',0,NULL,NULL),
	 (597,N'IMM',2,6,8,0,'2021-09-02 12:15:06.453',0,NULL,NULL),
	 (598,N'IMM',2,6,9,1,'2021-09-02 12:15:06.453',0,NULL,NULL),
	 (599,N'IMM',2,6,10,0,'2021-09-02 12:15:06.453',0,NULL,NULL),
	 (600,N'IMM',2,6,12,0,'2021-09-02 12:15:06.453',0,NULL,NULL),
	 (601,N'IMM',2,6,14,0,'2021-09-02 12:15:06.453',0,NULL,NULL),
	 (602,N'IMM',2,6,17,0,'2021-09-02 12:15:06.453',0,NULL,NULL);
INSERT INTO Company_Client_Project_Scheme (Id,CompanyCode,ClientId,ProjectId,SchemeId,IsRequired,CreatedOn,CreatedBy,LastModifiedOn,LastModifiedBy) VALUES
	 (603,N'IMM',2,6,18,0,'2021-09-02 12:15:06.453',0,NULL,NULL),
	 (604,N'IMM',2,6,19,0,'2021-09-02 12:15:06.453',0,NULL,NULL),
	 (605,N'IMM',2,6,20,1,'2021-09-02 12:15:06.453',0,NULL,NULL),
	 (606,N'IMM',2,6,21,0,'2021-09-02 12:15:06.453',0,NULL,NULL),
	 (607,N'IMM',2,6,22,0,'2021-09-02 12:15:06.453',0,NULL,NULL),
	 (608,N'IMM',2,6,23,0,'2021-09-02 12:15:06.453',0,NULL,NULL),
	 (609,N'IMM',2,6,24,1,'2021-09-02 12:15:06.453',0,NULL,NULL),
	 (610,N'IMM',2,6,27,0,'2021-09-02 12:15:06.453',0,NULL,NULL),
	 (611,N'IMM',2,6,28,1,'2021-09-02 12:15:06.453',0,NULL,NULL),
	 (612,N'IMM',2,6,29,1,'2021-09-02 12:15:06.453',0,NULL,NULL);
INSERT INTO Company_Client_Project_Scheme (Id,CompanyCode,ClientId,ProjectId,SchemeId,IsRequired,CreatedOn,CreatedBy,LastModifiedOn,LastModifiedBy) VALUES
	 (613,N'IMM',2,6,30,0,'2021-09-02 12:15:06.453',0,NULL,NULL),
	 (614,N'IMM',2,6,31,0,'2021-09-02 12:15:06.453',0,NULL,NULL),
	 (615,N'IMM',3,7,1,0,'2021-09-02 12:15:06.453',0,NULL,NULL),
	 (616,N'IMM',3,7,4,1,'2021-09-02 12:15:06.453',0,NULL,NULL),
	 (617,N'IMM',3,7,5,0,'2021-09-02 12:15:06.453',0,NULL,NULL),
	 (618,N'IMM',3,7,6,0,'2021-09-02 12:15:06.453',0,NULL,NULL),
	 (619,N'IMM',3,7,7,1,'2021-09-02 12:15:06.453',0,NULL,NULL),
	 (620,N'IMM',3,7,8,1,'2021-09-02 12:15:06.453',0,NULL,NULL),
	 (621,N'IMM',3,7,9,1,'2021-09-02 12:15:06.453',0,NULL,NULL),
	 (622,N'IMM',3,7,10,0,'2021-09-02 12:15:06.453',0,NULL,NULL);
INSERT INTO Company_Client_Project_Scheme (Id,CompanyCode,ClientId,ProjectId,SchemeId,IsRequired,CreatedOn,CreatedBy,LastModifiedOn,LastModifiedBy) VALUES
	 (623,N'IMM',3,7,12,0,'2021-09-02 12:15:06.453',0,NULL,NULL),
	 (624,N'IMM',3,7,14,0,'2021-09-02 12:15:06.453',0,NULL,NULL),
	 (625,N'IMM',3,7,17,0,'2021-09-02 12:15:06.453',0,NULL,NULL),
	 (626,N'IMM',3,7,18,0,'2021-09-02 12:15:06.453',0,NULL,NULL),
	 (627,N'IMM',3,7,19,0,'2021-09-02 12:15:06.453',0,NULL,NULL),
	 (628,N'IMM',3,7,20,1,'2021-09-02 12:15:06.453',0,NULL,NULL),
	 (629,N'IMM',3,7,21,0,'2021-09-02 12:15:06.453',0,NULL,NULL),
	 (630,N'IMM',3,7,22,0,'2021-09-02 12:15:06.453',0,NULL,NULL),
	 (631,N'IMM',3,7,23,0,'2021-09-02 12:15:06.453',0,NULL,NULL),
	 (632,N'IMM',3,7,24,1,'2021-09-02 12:15:06.453',0,NULL,NULL);
INSERT INTO Company_Client_Project_Scheme (Id,CompanyCode,ClientId,ProjectId,SchemeId,IsRequired,CreatedOn,CreatedBy,LastModifiedOn,LastModifiedBy) VALUES
	 (633,N'IMM',3,7,27,0,'2021-09-02 12:15:06.453',0,NULL,NULL),
	 (634,N'IMM',3,7,28,1,'2021-09-02 12:15:06.453',0,NULL,NULL),
	 (635,N'IMM',3,7,29,1,'2021-09-02 12:15:06.453',0,NULL,NULL),
	 (636,N'IMM',3,7,30,0,'2021-09-02 12:15:06.453',0,NULL,NULL),
	 (637,N'IMM',3,7,31,1,'2021-09-02 12:15:06.453',0,NULL,NULL),
	 (638,N'IMM',3,8,1,0,'2021-09-02 12:15:06.453',0,NULL,NULL),
	 (639,N'IMM',3,8,4,1,'2021-09-02 12:15:06.453',0,NULL,NULL),
	 (640,N'IMM',3,8,5,0,'2021-09-02 12:15:06.453',0,NULL,NULL),
	 (641,N'IMM',3,8,6,0,'2021-09-02 12:15:06.453',0,NULL,NULL),
	 (642,N'IMM',3,8,7,1,'2021-09-02 12:15:06.453',0,NULL,NULL);
INSERT INTO Company_Client_Project_Scheme (Id,CompanyCode,ClientId,ProjectId,SchemeId,IsRequired,CreatedOn,CreatedBy,LastModifiedOn,LastModifiedBy) VALUES
	 (643,N'IMM',3,8,8,1,'2021-09-02 12:15:06.453',0,NULL,NULL),
	 (644,N'IMM',3,8,9,1,'2021-09-02 12:15:06.453',0,NULL,NULL),
	 (645,N'IMM',3,8,10,0,'2021-09-02 12:15:06.453',0,NULL,NULL),
	 (646,N'IMM',3,8,12,0,'2021-09-02 12:15:06.453',0,NULL,NULL),
	 (647,N'IMM',3,8,14,0,'2021-09-02 12:15:06.453',0,NULL,NULL),
	 (648,N'IMM',3,8,17,0,'2021-09-02 12:15:06.453',0,NULL,NULL),
	 (649,N'IMM',3,8,18,0,'2021-09-02 12:15:06.453',0,NULL,NULL),
	 (650,N'IMM',3,8,19,0,'2021-09-02 12:15:06.453',0,NULL,NULL),
	 (651,N'IMM',3,8,20,1,'2021-09-02 12:15:06.453',0,NULL,NULL),
	 (652,N'IMM',3,8,21,0,'2021-09-02 12:15:06.453',0,NULL,NULL);
INSERT INTO Company_Client_Project_Scheme (Id,CompanyCode,ClientId,ProjectId,SchemeId,IsRequired,CreatedOn,CreatedBy,LastModifiedOn,LastModifiedBy) VALUES
	 (653,N'IMM',3,8,22,0,'2021-09-02 12:15:06.453',0,NULL,NULL),
	 (654,N'IMM',3,8,23,0,'2021-09-02 12:15:06.453',0,NULL,NULL),
	 (655,N'IMM',3,8,24,1,'2021-09-02 12:15:06.453',0,NULL,NULL),
	 (656,N'IMM',3,8,27,0,'2021-09-02 12:15:06.453',0,NULL,NULL),
	 (657,N'IMM',3,8,28,1,'2021-09-02 12:15:06.453',0,NULL,NULL),
	 (658,N'IMM',3,8,29,1,'2021-09-02 12:15:06.453',0,NULL,NULL),
	 (659,N'IMM',3,8,30,0,'2021-09-02 12:15:06.453',0,NULL,NULL),
	 (660,N'IMM',3,8,31,1,'2021-09-02 12:15:06.453',0,NULL,NULL),
	 (661,N'IMM',4,9,1,0,'2021-09-02 12:15:06.453',0,NULL,NULL),
	 (662,N'IMM',4,9,4,1,'2021-09-02 12:15:06.453',0,NULL,NULL);
INSERT INTO Company_Client_Project_Scheme (Id,CompanyCode,ClientId,ProjectId,SchemeId,IsRequired,CreatedOn,CreatedBy,LastModifiedOn,LastModifiedBy) VALUES
	 (663,N'IMM',4,9,5,0,'2021-09-02 12:15:06.453',0,NULL,NULL),
	 (664,N'IMM',4,9,6,0,'2021-09-02 12:15:06.453',0,NULL,NULL),
	 (665,N'IMM',4,9,7,1,'2021-09-02 12:15:06.453',0,NULL,NULL),
	 (666,N'IMM',4,9,8,1,'2021-09-02 12:15:06.453',0,NULL,NULL),
	 (667,N'IMM',4,9,9,1,'2021-09-02 12:15:06.453',0,NULL,NULL),
	 (668,N'IMM',4,9,10,0,'2021-09-02 12:15:06.453',0,NULL,NULL),
	 (669,N'IMM',4,9,12,0,'2021-09-02 12:15:06.453',0,NULL,NULL),
	 (670,N'IMM',4,9,14,0,'2021-09-02 12:15:06.453',0,NULL,NULL),
	 (671,N'IMM',4,9,17,0,'2021-09-02 12:15:06.453',0,NULL,NULL),
	 (672,N'IMM',4,9,18,0,'2021-09-02 12:15:06.453',0,NULL,NULL);
INSERT INTO Company_Client_Project_Scheme (Id,CompanyCode,ClientId,ProjectId,SchemeId,IsRequired,CreatedOn,CreatedBy,LastModifiedOn,LastModifiedBy) VALUES
	 (673,N'IMM',4,9,19,0,'2021-09-02 12:15:06.453',0,NULL,NULL),
	 (674,N'IMM',4,9,20,1,'2021-09-02 12:15:06.453',0,NULL,NULL),
	 (675,N'IMM',4,9,21,0,'2021-09-02 12:15:06.453',0,NULL,NULL),
	 (676,N'IMM',4,9,22,0,'2021-09-02 12:15:06.453',0,NULL,NULL),
	 (677,N'IMM',4,9,23,1,'2021-09-02 12:15:06.453',0,NULL,NULL),
	 (678,N'IMM',4,9,24,1,'2021-09-02 12:15:06.453',0,NULL,NULL),
	 (679,N'IMM',4,9,27,0,'2021-09-02 12:15:06.453',0,NULL,NULL),
	 (680,N'IMM',4,9,28,1,'2021-09-02 12:15:06.453',0,NULL,NULL),
	 (681,N'IMM',4,9,29,1,'2021-09-02 12:15:06.453',0,NULL,NULL),
	 (682,N'IMM',4,9,30,0,'2021-09-02 12:15:06.453',0,NULL,NULL);
INSERT INTO Company_Client_Project_Scheme (Id,CompanyCode,ClientId,ProjectId,SchemeId,IsRequired,CreatedOn,CreatedBy,LastModifiedOn,LastModifiedBy) VALUES
	 (683,N'IMM',4,9,31,1,'2021-09-02 12:15:06.453',0,NULL,NULL),
	 (684,N'IMM',4,10,1,0,'2021-09-02 12:15:06.453',0,NULL,NULL),
	 (685,N'IMM',4,10,4,1,'2021-09-02 12:15:06.453',0,NULL,NULL),
	 (686,N'IMM',4,10,5,0,'2021-09-02 12:15:06.453',0,NULL,NULL),
	 (687,N'IMM',4,10,6,0,'2021-09-02 12:15:06.453',0,NULL,NULL),
	 (688,N'IMM',4,10,7,1,'2021-09-02 12:15:06.453',0,NULL,NULL),
	 (689,N'IMM',4,10,8,1,'2021-09-02 12:15:06.453',0,NULL,NULL),
	 (690,N'IMM',4,10,9,1,'2021-09-02 12:15:06.453',0,NULL,NULL),
	 (691,N'IMM',4,10,10,0,'2021-09-02 12:15:06.453',0,NULL,NULL),
	 (692,N'IMM',4,10,12,0,'2021-09-02 12:15:06.453',0,NULL,NULL);
INSERT INTO Company_Client_Project_Scheme (Id,CompanyCode,ClientId,ProjectId,SchemeId,IsRequired,CreatedOn,CreatedBy,LastModifiedOn,LastModifiedBy) VALUES
	 (693,N'IMM',4,10,14,0,'2021-09-02 12:15:06.453',0,NULL,NULL),
	 (694,N'IMM',4,10,17,0,'2021-09-02 12:15:06.453',0,NULL,NULL),
	 (695,N'IMM',4,10,18,0,'2021-09-02 12:15:06.453',0,NULL,NULL),
	 (696,N'IMM',4,10,19,0,'2021-09-02 12:15:06.453',0,NULL,NULL),
	 (697,N'IMM',4,10,20,1,'2021-09-02 12:15:06.453',0,NULL,NULL),
	 (698,N'IMM',4,10,21,0,'2021-09-02 12:15:06.453',0,NULL,NULL),
	 (699,N'IMM',4,10,22,0,'2021-09-02 12:15:06.453',0,NULL,NULL),
	 (700,N'IMM',4,10,23,1,'2021-09-02 12:15:06.453',0,NULL,NULL),
	 (701,N'IMM',4,10,24,1,'2021-09-02 12:15:06.453',0,NULL,NULL),
	 (702,N'IMM',4,10,27,0,'2021-09-02 12:15:06.453',0,NULL,NULL);
INSERT INTO Company_Client_Project_Scheme (Id,CompanyCode,ClientId,ProjectId,SchemeId,IsRequired,CreatedOn,CreatedBy,LastModifiedOn,LastModifiedBy) VALUES
	 (703,N'IMM',4,10,28,1,'2021-09-02 12:15:06.453',0,NULL,NULL),
	 (704,N'IMM',4,10,29,1,'2021-09-02 12:15:06.453',0,NULL,NULL),
	 (705,N'IMM',4,10,30,0,'2021-09-02 12:15:06.453',0,NULL,NULL),
	 (706,N'IMM',4,10,31,1,'2021-09-02 12:15:06.453',0,NULL,NULL),
	 (707,N'IMM',4,11,1,0,'2021-09-02 12:15:06.453',0,NULL,NULL),
	 (708,N'IMM',4,11,4,1,'2021-09-02 12:15:06.453',0,NULL,NULL),
	 (709,N'IMM',4,11,5,0,'2021-09-02 12:15:06.453',0,NULL,NULL),
	 (710,N'IMM',4,11,6,0,'2021-09-02 12:15:06.453',0,NULL,NULL),
	 (711,N'IMM',4,11,7,1,'2021-09-02 12:15:06.453',0,NULL,NULL),
	 (712,N'IMM',4,11,8,1,'2021-09-02 12:15:06.453',0,NULL,NULL);
INSERT INTO Company_Client_Project_Scheme (Id,CompanyCode,ClientId,ProjectId,SchemeId,IsRequired,CreatedOn,CreatedBy,LastModifiedOn,LastModifiedBy) VALUES
	 (713,N'IMM',4,11,9,1,'2021-09-02 12:15:06.453',0,NULL,NULL),
	 (714,N'IMM',4,11,10,0,'2021-09-02 12:15:06.453',0,NULL,NULL),
	 (715,N'IMM',4,11,12,0,'2021-09-02 12:15:06.453',0,NULL,NULL),
	 (716,N'IMM',4,11,14,0,'2021-09-02 12:15:06.453',0,NULL,NULL),
	 (717,N'IMM',4,11,17,0,'2021-09-02 12:15:06.453',0,NULL,NULL),
	 (718,N'IMM',4,11,18,0,'2021-09-02 12:15:06.453',0,NULL,NULL),
	 (719,N'IMM',4,11,19,0,'2021-09-02 12:15:06.453',0,NULL,NULL),
	 (720,N'IMM',4,11,20,1,'2021-09-02 12:15:06.453',0,NULL,NULL),
	 (721,N'IMM',4,11,21,0,'2021-09-02 12:15:06.453',0,NULL,NULL),
	 (722,N'IMM',4,11,22,0,'2021-09-02 12:15:06.453',0,NULL,NULL);
INSERT INTO Company_Client_Project_Scheme (Id,CompanyCode,ClientId,ProjectId,SchemeId,IsRequired,CreatedOn,CreatedBy,LastModifiedOn,LastModifiedBy) VALUES
	 (723,N'IMM',4,11,23,1,'2021-09-02 12:15:06.453',0,NULL,NULL),
	 (724,N'IMM',4,11,24,1,'2021-09-02 12:15:06.453',0,NULL,NULL),
	 (725,N'IMM',4,11,27,0,'2021-09-02 12:15:06.453',0,NULL,NULL),
	 (726,N'IMM',4,11,28,1,'2021-09-02 12:15:06.453',0,NULL,NULL),
	 (727,N'IMM',4,11,29,1,'2021-09-02 12:15:06.453',0,NULL,NULL),
	 (728,N'IMM',4,11,30,0,'2021-09-02 12:15:06.453',0,NULL,NULL),
	 (729,N'IMM',4,11,31,1,'2021-09-02 12:15:06.453',0,NULL,NULL),
	 (730,N'IMM',4,12,1,0,'2021-09-02 12:15:06.453',0,NULL,NULL),
	 (731,N'IMM',4,12,4,0,'2021-09-02 12:15:06.453',0,NULL,NULL),
	 (732,N'IMM',4,12,5,1,'2021-09-02 12:15:06.453',0,NULL,NULL);
INSERT INTO Company_Client_Project_Scheme (Id,CompanyCode,ClientId,ProjectId,SchemeId,IsRequired,CreatedOn,CreatedBy,LastModifiedOn,LastModifiedBy) VALUES
	 (733,N'IMM',4,12,6,0,'2021-09-02 12:15:06.453',0,NULL,NULL),
	 (734,N'IMM',4,12,7,0,'2021-09-02 12:15:06.453',0,NULL,NULL),
	 (735,N'IMM',4,12,8,0,'2021-09-02 12:15:06.453',0,NULL,NULL),
	 (736,N'IMM',4,12,9,0,'2021-09-02 12:15:06.453',0,NULL,NULL),
	 (737,N'IMM',4,12,10,0,'2021-09-02 12:15:06.453',0,NULL,NULL),
	 (738,N'IMM',4,12,12,0,'2021-09-02 12:15:06.453',0,NULL,NULL),
	 (739,N'IMM',4,12,14,0,'2021-09-02 12:15:06.453',0,NULL,NULL),
	 (740,N'IMM',4,12,17,1,'2021-09-02 12:15:06.453',0,NULL,NULL),
	 (741,N'IMM',4,12,18,0,'2021-09-02 12:15:06.453',0,NULL,NULL),
	 (742,N'IMM',4,12,19,1,'2021-09-02 12:15:06.453',0,NULL,NULL);
INSERT INTO Company_Client_Project_Scheme (Id,CompanyCode,ClientId,ProjectId,SchemeId,IsRequired,CreatedOn,CreatedBy,LastModifiedOn,LastModifiedBy) VALUES
	 (743,N'IMM',4,12,20,1,'2021-09-02 12:15:06.453',0,NULL,NULL),
	 (744,N'IMM',4,12,21,0,'2021-09-02 12:15:06.453',0,NULL,NULL),
	 (745,N'IMM',4,12,22,0,'2021-09-02 12:15:06.453',0,NULL,NULL),
	 (746,N'IMM',4,12,23,0,'2021-09-02 12:15:06.453',0,NULL,NULL),
	 (747,N'IMM',4,12,24,0,'2021-09-02 12:15:06.453',0,NULL,NULL),
	 (748,N'IMM',4,12,27,0,'2021-09-02 12:15:06.453',0,NULL,NULL),
	 (749,N'IMM',4,12,28,0,'2021-09-02 12:15:06.453',0,NULL,NULL),
	 (750,N'IMM',4,12,29,1,'2021-09-02 12:15:06.453',0,NULL,NULL),
	 (751,N'IMM',4,12,30,0,'2021-09-02 12:15:06.453',0,NULL,NULL),
	 (752,N'IMM',4,12,31,0,'2021-09-02 12:15:06.453',0,NULL,NULL);
INSERT INTO Company_Client_Project_Scheme (Id,CompanyCode,ClientId,ProjectId,SchemeId,IsRequired,CreatedOn,CreatedBy,LastModifiedOn,LastModifiedBy) VALUES
	 (753,N'IMM',4,13,1,0,'2021-09-02 12:15:06.453',0,NULL,NULL),
	 (754,N'IMM',4,13,4,0,'2021-09-02 12:15:06.453',0,NULL,NULL),
	 (755,N'IMM',4,13,5,0,'2021-09-02 12:15:06.453',0,NULL,NULL),
	 (756,N'IMM',4,13,6,0,'2021-09-02 12:15:06.453',0,NULL,NULL),
	 (757,N'IMM',4,13,7,0,'2021-09-02 12:15:06.453',0,NULL,NULL),
	 (758,N'IMM',4,13,8,0,'2021-09-02 12:15:06.453',0,NULL,NULL),
	 (759,N'IMM',4,13,9,0,'2021-09-02 12:15:06.453',0,NULL,NULL),
	 (760,N'IMM',4,13,10,0,'2021-09-02 12:15:06.453',0,NULL,NULL),
	 (761,N'IMM',4,13,12,0,'2021-09-02 12:15:06.453',0,NULL,NULL),
	 (762,N'IMM',4,13,14,0,'2021-09-02 12:15:06.453',0,NULL,NULL);
INSERT INTO Company_Client_Project_Scheme (Id,CompanyCode,ClientId,ProjectId,SchemeId,IsRequired,CreatedOn,CreatedBy,LastModifiedOn,LastModifiedBy) VALUES
	 (763,N'IMM',4,13,17,0,'2021-09-02 12:15:06.453',0,NULL,NULL),
	 (764,N'IMM',4,13,18,0,'2021-09-02 12:15:06.453',0,NULL,NULL),
	 (765,N'IMM',4,13,19,1,'2021-09-02 12:15:06.453',0,NULL,NULL),
	 (766,N'IMM',4,13,20,1,'2021-09-02 12:15:06.453',0,NULL,NULL),
	 (767,N'IMM',4,13,21,0,'2021-09-02 12:15:06.453',0,NULL,NULL),
	 (768,N'IMM',4,13,22,0,'2021-09-02 12:15:06.453',0,NULL,NULL),
	 (769,N'IMM',4,13,23,0,'2021-09-02 12:15:06.453',0,NULL,NULL),
	 (770,N'IMM',4,13,24,0,'2021-09-02 12:15:06.453',0,NULL,NULL),
	 (771,N'IMM',4,13,27,0,'2021-09-02 12:15:06.453',0,NULL,NULL),
	 (772,N'IMM',4,13,28,0,'2021-09-02 12:15:06.453',0,NULL,NULL);
INSERT INTO Company_Client_Project_Scheme (Id,CompanyCode,ClientId,ProjectId,SchemeId,IsRequired,CreatedOn,CreatedBy,LastModifiedOn,LastModifiedBy) VALUES
	 (773,N'IMM',4,13,29,0,'2021-09-02 12:15:06.453',0,NULL,NULL),
	 (774,N'IMM',4,13,30,0,'2021-09-02 12:15:06.453',0,NULL,NULL),
	 (775,N'IMM',4,13,31,0,'2021-09-02 12:15:06.453',0,NULL,NULL),
	 (776,N'IMM',5,17,1,0,'2021-09-02 12:15:06.453',0,NULL,NULL),
	 (777,N'IMM',5,17,4,1,'2021-09-02 12:15:06.453',0,NULL,NULL),
	 (778,N'IMM',5,17,5,0,'2021-09-02 12:15:06.453',0,NULL,NULL),
	 (779,N'IMM',5,17,6,0,'2021-09-02 12:15:06.453',0,NULL,NULL),
	 (780,N'IMM',5,17,7,1,'2021-09-02 12:15:06.453',0,NULL,NULL),
	 (781,N'IMM',5,17,8,1,'2021-09-02 12:15:06.453',0,NULL,NULL),
	 (782,N'IMM',5,17,9,1,'2021-09-02 12:15:06.453',0,NULL,NULL);
INSERT INTO Company_Client_Project_Scheme (Id,CompanyCode,ClientId,ProjectId,SchemeId,IsRequired,CreatedOn,CreatedBy,LastModifiedOn,LastModifiedBy) VALUES
	 (783,N'IMM',5,17,10,0,'2021-09-02 12:15:06.453',0,NULL,NULL),
	 (784,N'IMM',5,17,12,0,'2021-09-02 12:15:06.453',0,NULL,NULL),
	 (785,N'IMM',5,17,14,0,'2021-09-02 12:15:06.453',0,NULL,NULL),
	 (786,N'IMM',5,17,17,0,'2021-09-02 12:15:06.453',0,NULL,NULL),
	 (787,N'IMM',5,17,18,0,'2021-09-02 12:15:06.453',0,NULL,NULL),
	 (788,N'IMM',5,17,19,0,'2021-09-02 12:15:06.453',0,NULL,NULL),
	 (789,N'IMM',5,17,20,1,'2021-09-02 12:15:06.453',0,NULL,NULL),
	 (790,N'IMM',5,17,21,0,'2021-09-02 12:15:06.453',0,NULL,NULL),
	 (791,N'IMM',5,17,22,0,'2021-09-02 12:15:06.453',0,NULL,NULL),
	 (792,N'IMM',5,17,23,1,'2021-09-02 12:15:06.453',0,NULL,NULL);
INSERT INTO Company_Client_Project_Scheme (Id,CompanyCode,ClientId,ProjectId,SchemeId,IsRequired,CreatedOn,CreatedBy,LastModifiedOn,LastModifiedBy) VALUES
	 (793,N'IMM',5,17,24,1,'2021-09-02 12:15:06.453',0,NULL,NULL),
	 (794,N'IMM',5,17,27,0,'2021-09-02 12:15:06.453',0,NULL,NULL),
	 (795,N'IMM',5,17,28,1,'2021-09-02 12:15:06.453',0,NULL,NULL),
	 (796,N'IMM',5,17,29,1,'2021-09-02 12:15:06.453',0,NULL,NULL),
	 (797,N'IMM',5,17,30,0,'2021-09-02 12:15:06.453',0,NULL,NULL),
	 (798,N'IMM',5,17,31,1,'2021-09-02 12:15:06.453',0,NULL,NULL),
	 (799,N'IMM',6,12,1,0,'2021-09-02 12:15:06.453',0,NULL,NULL),
	 (800,N'IMM',6,12,4,0,'2021-09-02 12:15:06.453',0,NULL,NULL),
	 (801,N'IMM',6,12,5,1,'2021-09-02 12:15:06.453',0,NULL,NULL),
	 (802,N'IMM',6,12,6,0,'2021-09-02 12:15:06.453',0,NULL,NULL);
INSERT INTO Company_Client_Project_Scheme (Id,CompanyCode,ClientId,ProjectId,SchemeId,IsRequired,CreatedOn,CreatedBy,LastModifiedOn,LastModifiedBy) VALUES
	 (803,N'IMM',6,12,7,0,'2021-09-02 12:15:06.453',0,NULL,NULL),
	 (804,N'IMM',6,12,8,0,'2021-09-02 12:15:06.453',0,NULL,NULL),
	 (805,N'IMM',6,12,9,0,'2021-09-02 12:15:06.453',0,NULL,NULL),
	 (806,N'IMM',6,12,10,0,'2021-09-02 12:15:06.453',0,NULL,NULL),
	 (807,N'IMM',6,12,12,0,'2021-09-02 12:15:06.453',0,NULL,NULL),
	 (808,N'IMM',6,12,14,0,'2021-09-02 12:15:06.453',0,NULL,NULL),
	 (809,N'IMM',6,12,17,1,'2021-09-02 12:15:06.453',0,NULL,NULL),
	 (810,N'IMM',6,12,18,0,'2021-09-02 12:15:06.453',0,NULL,NULL),
	 (811,N'IMM',6,12,19,1,'2021-09-02 12:15:06.453',0,NULL,NULL),
	 (812,N'IMM',6,12,20,1,'2021-09-02 12:15:06.453',0,NULL,NULL);
INSERT INTO Company_Client_Project_Scheme (Id,CompanyCode,ClientId,ProjectId,SchemeId,IsRequired,CreatedOn,CreatedBy,LastModifiedOn,LastModifiedBy) VALUES
	 (813,N'IMM',6,12,21,0,'2021-09-02 12:15:06.453',0,NULL,NULL),
	 (814,N'IMM',6,12,22,0,'2021-09-02 12:15:06.453',0,NULL,NULL),
	 (815,N'IMM',6,12,23,0,'2021-09-02 12:15:06.453',0,NULL,NULL),
	 (816,N'IMM',6,12,24,0,'2021-09-02 12:15:06.453',0,NULL,NULL),
	 (817,N'IMM',6,12,27,0,'2021-09-02 12:15:06.453',0,NULL,NULL),
	 (818,N'IMM',6,12,28,0,'2021-09-02 12:15:06.453',0,NULL,NULL),
	 (819,N'IMM',6,12,29,1,'2021-09-02 12:15:06.453',0,NULL,NULL),
	 (820,N'IMM',6,12,30,0,'2021-09-02 12:15:06.453',0,NULL,NULL),
	 (821,N'IMM',6,12,31,0,'2021-09-02 12:15:06.453',0,NULL,NULL),
	 (822,N'IMM',6,13,1,0,'2021-09-02 12:15:06.453',0,NULL,NULL);
INSERT INTO Company_Client_Project_Scheme (Id,CompanyCode,ClientId,ProjectId,SchemeId,IsRequired,CreatedOn,CreatedBy,LastModifiedOn,LastModifiedBy) VALUES
	 (823,N'IMM',6,13,4,0,'2021-09-02 12:15:06.453',0,NULL,NULL),
	 (824,N'IMM',6,13,5,0,'2021-09-02 12:15:06.453',0,NULL,NULL),
	 (825,N'IMM',6,13,6,0,'2021-09-02 12:15:06.453',0,NULL,NULL),
	 (826,N'IMM',6,13,7,0,'2021-09-02 12:15:06.453',0,NULL,NULL),
	 (827,N'IMM',6,13,8,0,'2021-09-02 12:15:06.453',0,NULL,NULL),
	 (828,N'IMM',6,13,9,0,'2021-09-02 12:15:06.453',0,NULL,NULL),
	 (829,N'IMM',6,13,10,0,'2021-09-02 12:15:06.453',0,NULL,NULL),
	 (830,N'IMM',6,13,12,0,'2021-09-02 12:15:06.453',0,NULL,NULL),
	 (831,N'IMM',6,13,14,0,'2021-09-02 12:15:06.453',0,NULL,NULL),
	 (832,N'IMM',6,13,17,0,'2021-09-02 12:15:06.453',0,NULL,NULL);
INSERT INTO Company_Client_Project_Scheme (Id,CompanyCode,ClientId,ProjectId,SchemeId,IsRequired,CreatedOn,CreatedBy,LastModifiedOn,LastModifiedBy) VALUES
	 (833,N'IMM',6,13,18,0,'2021-09-02 12:15:06.453',0,NULL,NULL),
	 (834,N'IMM',6,13,19,1,'2021-09-02 12:15:06.453',0,NULL,NULL),
	 (835,N'IMM',6,13,20,1,'2021-09-02 12:15:06.453',0,NULL,NULL),
	 (836,N'IMM',6,13,21,0,'2021-09-02 12:15:06.453',0,NULL,NULL),
	 (837,N'IMM',6,13,22,0,'2021-09-02 12:15:06.453',0,NULL,NULL),
	 (838,N'IMM',6,13,23,0,'2021-09-02 12:15:06.453',0,NULL,NULL),
	 (839,N'IMM',6,13,24,0,'2021-09-02 12:15:06.453',0,NULL,NULL),
	 (840,N'IMM',6,13,27,0,'2021-09-02 12:15:06.453',0,NULL,NULL),
	 (841,N'IMM',6,13,28,0,'2021-09-02 12:15:06.453',0,NULL,NULL),
	 (842,N'IMM',6,13,29,0,'2021-09-02 12:15:06.453',0,NULL,NULL);
INSERT INTO Company_Client_Project_Scheme (Id,CompanyCode,ClientId,ProjectId,SchemeId,IsRequired,CreatedOn,CreatedBy,LastModifiedOn,LastModifiedBy) VALUES
	 (843,N'IMM',6,13,30,0,'2021-09-02 12:15:06.453',0,NULL,NULL),
	 (844,N'IMM',6,13,31,0,'2021-09-02 12:15:06.453',0,NULL,NULL),
	 (845,N'IMM',7,19,1,0,'2021-09-02 12:15:06.453',0,NULL,NULL),
	 (846,N'IMM',7,19,4,0,'2021-09-02 12:15:06.453',0,NULL,NULL),
	 (847,N'IMM',7,19,5,0,'2021-09-02 12:15:06.453',0,NULL,NULL),
	 (848,N'IMM',7,19,6,0,'2021-09-02 12:15:06.453',0,NULL,NULL),
	 (849,N'IMM',7,19,7,0,'2021-09-02 12:15:06.453',0,NULL,NULL),
	 (850,N'IMM',7,19,8,0,'2021-09-02 12:15:06.453',0,NULL,NULL),
	 (851,N'IMM',7,19,9,0,'2021-09-02 12:15:06.453',0,NULL,NULL),
	 (852,N'IMM',7,19,10,0,'2021-09-02 12:15:06.453',0,NULL,NULL);
INSERT INTO Company_Client_Project_Scheme (Id,CompanyCode,ClientId,ProjectId,SchemeId,IsRequired,CreatedOn,CreatedBy,LastModifiedOn,LastModifiedBy) VALUES
	 (853,N'IMM',7,19,12,0,'2021-09-02 12:15:06.453',0,NULL,NULL),
	 (854,N'IMM',7,19,14,0,'2021-09-02 12:15:06.453',0,NULL,NULL),
	 (855,N'IMM',7,19,17,0,'2021-09-02 12:15:06.453',0,NULL,NULL),
	 (856,N'IMM',7,19,18,0,'2021-09-02 12:15:06.453',0,NULL,NULL),
	 (857,N'IMM',7,19,19,0,'2021-09-02 12:15:06.453',0,NULL,NULL),
	 (858,N'IMM',7,19,20,0,'2021-09-02 12:15:06.453',0,NULL,NULL),
	 (859,N'IMM',7,19,21,0,'2021-09-02 12:15:06.453',0,NULL,NULL),
	 (860,N'IMM',7,19,22,0,'2021-09-02 12:15:06.453',0,NULL,NULL),
	 (861,N'IMM',7,19,23,0,'2021-09-02 12:15:06.453',0,NULL,NULL),
	 (862,N'IMM',7,19,24,0,'2021-09-02 12:15:06.453',0,NULL,NULL);
INSERT INTO Company_Client_Project_Scheme (Id,CompanyCode,ClientId,ProjectId,SchemeId,IsRequired,CreatedOn,CreatedBy,LastModifiedOn,LastModifiedBy) VALUES
	 (863,N'IMM',7,19,27,0,'2021-09-02 12:15:06.453',0,NULL,NULL),
	 (864,N'IMM',7,19,28,0,'2021-09-02 12:15:06.453',0,NULL,NULL),
	 (865,N'IMM',7,19,29,0,'2021-09-02 12:15:06.453',0,NULL,NULL),
	 (866,N'IMM',7,19,30,0,'2021-09-02 12:15:06.453',0,NULL,NULL),
	 (867,N'IMM',7,19,31,0,'2021-09-02 12:15:06.453',0,NULL,NULL),
	 (868,N'IMM',8,22,1,0,'2021-09-02 12:15:06.453',0,NULL,NULL),
	 (869,N'IMM',8,22,4,1,'2021-09-02 12:15:06.453',0,NULL,NULL),
	 (870,N'IMM',8,22,5,0,'2021-09-02 12:15:06.453',0,NULL,NULL),
	 (871,N'IMM',8,22,6,0,'2021-09-02 12:15:06.453',0,NULL,NULL),
	 (872,N'IMM',8,22,7,1,'2021-09-02 12:15:06.453',0,NULL,NULL);
INSERT INTO Company_Client_Project_Scheme (Id,CompanyCode,ClientId,ProjectId,SchemeId,IsRequired,CreatedOn,CreatedBy,LastModifiedOn,LastModifiedBy) VALUES
	 (873,N'IMM',8,22,8,1,'2021-09-02 12:15:06.453',0,NULL,NULL),
	 (874,N'IMM',8,22,9,1,'2021-09-02 12:15:06.453',0,NULL,NULL),
	 (875,N'IMM',8,22,10,0,'2021-09-02 12:15:06.453',0,NULL,NULL),
	 (876,N'IMM',8,22,12,0,'2021-09-02 12:15:06.453',0,NULL,NULL),
	 (877,N'IMM',8,22,14,0,'2021-09-02 12:15:06.453',0,NULL,NULL),
	 (878,N'IMM',8,22,17,0,'2021-09-02 12:15:06.453',0,NULL,NULL),
	 (879,N'IMM',8,22,18,0,'2021-09-02 12:15:06.453',0,NULL,NULL),
	 (880,N'IMM',8,22,19,0,'2021-09-02 12:15:06.453',0,NULL,NULL),
	 (881,N'IMM',8,22,20,1,'2021-09-02 12:15:06.453',0,NULL,NULL),
	 (882,N'IMM',8,22,21,0,'2021-09-02 12:15:06.453',0,NULL,NULL);
INSERT INTO Company_Client_Project_Scheme (Id,CompanyCode,ClientId,ProjectId,SchemeId,IsRequired,CreatedOn,CreatedBy,LastModifiedOn,LastModifiedBy) VALUES
	 (883,N'IMM',8,22,22,0,'2021-09-02 12:15:06.453',0,NULL,NULL),
	 (884,N'IMM',8,22,23,1,'2021-09-02 12:15:06.453',0,NULL,NULL),
	 (885,N'IMM',8,22,24,1,'2021-09-02 12:15:06.453',0,NULL,NULL),
	 (886,N'IMM',8,22,27,0,'2021-09-02 12:15:06.453',0,NULL,NULL),
	 (887,N'IMM',8,22,28,1,'2021-09-02 12:15:06.453',0,NULL,NULL),
	 (888,N'IMM',8,22,29,1,'2021-09-02 12:15:06.453',0,NULL,NULL),
	 (889,N'IMM',8,22,30,0,'2021-09-02 12:15:06.453',0,NULL,NULL),
	 (890,N'IMM',8,22,31,1,'2021-09-02 12:15:06.453',0,NULL,NULL),
	 (891,N'IMM',9,23,1,0,'2021-09-02 12:15:06.453',0,NULL,NULL),
	 (892,N'IMM',9,23,4,1,'2021-09-02 12:15:06.453',0,NULL,NULL);
INSERT INTO Company_Client_Project_Scheme (Id,CompanyCode,ClientId,ProjectId,SchemeId,IsRequired,CreatedOn,CreatedBy,LastModifiedOn,LastModifiedBy) VALUES
	 (893,N'IMM',9,23,5,0,'2021-09-02 12:15:06.453',0,NULL,NULL),
	 (894,N'IMM',9,23,6,0,'2021-09-02 12:15:06.453',0,NULL,NULL),
	 (895,N'IMM',9,23,7,1,'2021-09-02 12:15:06.453',0,NULL,NULL),
	 (896,N'IMM',9,23,8,1,'2021-09-02 12:15:06.453',0,NULL,NULL),
	 (897,N'IMM',9,23,9,1,'2021-09-02 12:15:06.453',0,NULL,NULL),
	 (898,N'IMM',9,23,10,0,'2021-09-02 12:15:06.453',0,NULL,NULL),
	 (899,N'IMM',9,23,12,0,'2021-09-02 12:15:06.453',0,NULL,NULL),
	 (900,N'IMM',9,23,14,0,'2021-09-02 12:15:06.453',0,NULL,NULL),
	 (901,N'IMM',9,23,17,0,'2021-09-02 12:15:06.453',0,NULL,NULL),
	 (902,N'IMM',9,23,18,0,'2021-09-02 12:15:06.453',0,NULL,NULL);
INSERT INTO Company_Client_Project_Scheme (Id,CompanyCode,ClientId,ProjectId,SchemeId,IsRequired,CreatedOn,CreatedBy,LastModifiedOn,LastModifiedBy) VALUES
	 (903,N'IMM',9,23,19,0,'2021-09-02 12:15:06.453',0,NULL,NULL),
	 (904,N'IMM',9,23,20,1,'2021-09-02 12:15:06.453',0,NULL,NULL),
	 (905,N'IMM',9,23,21,0,'2021-09-02 12:15:06.453',0,NULL,NULL),
	 (906,N'IMM',9,23,22,0,'2021-09-02 12:15:06.453',0,NULL,NULL),
	 (907,N'IMM',9,23,23,1,'2021-09-02 12:15:06.453',0,NULL,NULL),
	 (908,N'IMM',9,23,24,1,'2021-09-02 12:15:06.453',0,NULL,NULL),
	 (909,N'IMM',9,23,27,0,'2021-09-02 12:15:06.453',0,NULL,NULL),
	 (910,N'IMM',9,23,28,1,'2021-09-02 12:15:06.453',0,NULL,NULL),
	 (911,N'IMM',9,23,29,1,'2021-09-02 12:15:06.453',0,NULL,NULL),
	 (912,N'IMM',9,23,30,0,'2021-09-02 12:15:06.453',0,NULL,NULL);
INSERT INTO Company_Client_Project_Scheme (Id,CompanyCode,ClientId,ProjectId,SchemeId,IsRequired,CreatedOn,CreatedBy,LastModifiedOn,LastModifiedBy) VALUES
	 (913,N'IMM',9,23,31,1,'2021-09-02 12:15:06.453',0,NULL,NULL),
	 (914,N'IMM',4,13,33,1,'2021-09-02 12:15:06.0',0,NULL,NULL),
	 (915,N'IMM',6,13,33,1,'2021-09-02 12:15:06.0',0,NULL,NULL),
	 (916,N'TCM',4,10,28,1,'2021-08-30 14:23:55.25',0,NULL,NULL),
	 (917,N'TCM',4,10,27,1,'2021-08-30 14:23:55.25',0,NULL,NULL),
	 (918,N'TCM',4,10,29,1,'2021-08-30 14:23:55.257',0,NULL,NULL),
	 (919,N'TCM',4,10,7,1,'2021-08-30 14:23:55.26',0,NULL,NULL),
	 (920,N'TCM',4,10,23,1,'2021-08-30 14:23:55.263',0,NULL,NULL),
	 (921,N'TCM',4,10,20,1,'2021-08-30 14:23:55.267',0,NULL,NULL),
	 (922,N'TCM',4,15,28,1,'2021-08-30 14:23:55.267',0,NULL,NULL);
INSERT INTO Company_Client_Project_Scheme (Id,CompanyCode,ClientId,ProjectId,SchemeId,IsRequired,CreatedOn,CreatedBy,LastModifiedOn,LastModifiedBy) VALUES
	 (923,N'TCM',4,15,27,1,'2021-08-30 14:23:55.27',0,NULL,NULL),
	 (924,N'TCM',4,15,29,1,'2021-08-30 14:23:55.273',0,NULL,NULL),
	 (925,N'TCM',4,15,7,1,'2021-08-30 14:23:55.277',0,NULL,NULL),
	 (926,N'TCM',4,15,23,1,'2021-08-30 14:23:55.277',0,NULL,NULL),
	 (927,N'TCM',4,15,20,1,'2021-08-30 14:23:55.283',0,NULL,NULL),
	 (928,N'TCM',4,16,28,1,'2021-08-30 14:23:55.283',0,NULL,NULL),
	 (929,N'TCM',4,16,27,1,'2021-08-30 14:23:55.287',0,NULL,NULL),
	 (930,N'TCM',4,16,29,1,'2021-08-30 14:23:55.287',0,NULL,NULL),
	 (931,N'TCM',4,16,7,1,'2021-08-30 14:23:55.29',0,NULL,NULL),
	 (932,N'TCM',4,16,23,1,'2021-08-30 14:23:55.29',0,NULL,NULL);
INSERT INTO Company_Client_Project_Scheme (Id,CompanyCode,ClientId,ProjectId,SchemeId,IsRequired,CreatedOn,CreatedBy,LastModifiedOn,LastModifiedBy) VALUES
	 (933,N'TCM',4,16,20,1,'2021-08-30 14:23:55.293',0,NULL,NULL),
	 (934,N'TCM',12,26,28,1,'2021-08-30 14:23:55.3',0,NULL,NULL),
	 (935,N'TCM',12,26,4,1,'2021-08-30 14:23:55.3',0,NULL,NULL),
	 (936,N'TCM',12,26,29,1,'2021-08-30 14:23:55.303',0,NULL,NULL),
	 (937,N'TCM',12,26,7,1,'2021-08-30 14:23:55.31',0,NULL,NULL),
	 (938,N'TCM',12,26,20,1,'2021-08-30 14:23:55.313',0,NULL,NULL),
	 (939,N'TCM',7,20,27,1,'2021-08-30 14:23:55.313',0,NULL,NULL),
	 (940,N'TCM',7,20,29,1,'2021-08-30 14:23:55.317',0,NULL,NULL),
	 (941,N'TCM',7,20,7,1,'2021-08-30 14:23:55.317',0,NULL,NULL),
	 (942,N'TCM',7,20,20,1,'2021-08-30 14:23:55.32',0,NULL,NULL);
INSERT INTO Company_Client_Project_Scheme (Id,CompanyCode,ClientId,ProjectId,SchemeId,IsRequired,CreatedOn,CreatedBy,LastModifiedOn,LastModifiedBy) VALUES
	 (943,N'TCM',7,21,27,1,'2021-08-30 14:23:55.32',0,NULL,NULL),
	 (944,N'TCM',7,21,29,1,'2021-08-30 14:23:55.32',0,NULL,NULL),
	 (945,N'TCM',7,21,7,1,'2021-08-30 14:23:55.323',0,NULL,NULL),
	 (946,N'TCM',7,21,20,1,'2021-08-30 14:23:55.323',0,NULL,NULL),
	 (947,N'TCM',8,22,28,1,'2021-08-30 14:23:55.327',0,NULL,NULL),
	 (948,N'TCM',8,22,27,1,'2021-08-30 14:23:55.327',0,NULL,NULL),
	 (949,N'TCM',8,22,29,1,'2021-08-30 14:23:55.33',0,NULL,NULL),
	 (950,N'TCM',8,22,7,1,'2021-08-30 14:23:55.33',0,NULL,NULL),
	 (951,N'TCM',8,22,20,1,'2021-08-30 14:23:55.333',0,NULL,NULL),
	 (952,N'TCM',13,1,28,1,'2021-08-30 14:23:55.333',0,NULL,NULL);
INSERT INTO Company_Client_Project_Scheme (Id,CompanyCode,ClientId,ProjectId,SchemeId,IsRequired,CreatedOn,CreatedBy,LastModifiedOn,LastModifiedBy) VALUES
	 (953,N'TCM',13,1,27,1,'2021-08-30 14:23:55.337',0,NULL,NULL),
	 (954,N'TCM',13,1,29,1,'2021-08-30 14:23:55.337',0,NULL,NULL),
	 (955,N'TCM',13,1,7,1,'2021-08-30 14:23:55.34',0,NULL,NULL),
	 (956,N'TCM',13,1,20,1,'2021-08-30 14:23:55.34',0,NULL,NULL),
	 (957,N'TCM',13,7,28,1,'2021-08-30 14:23:55.343',0,NULL,NULL),
	 (958,N'TCM',13,7,27,1,'2021-08-30 14:23:55.343',0,NULL,NULL),
	 (959,N'TCM',13,7,29,1,'2021-08-30 14:23:55.347',0,NULL,NULL),
	 (960,N'TCM',13,7,7,1,'2021-08-30 14:23:55.347',0,NULL,NULL),
	 (961,N'TCM',13,7,20,1,'2021-08-30 14:23:55.35',0,NULL,NULL),
	 (962,N'TCM',5,17,28,1,'2021-08-30 14:23:55.35',0,NULL,NULL);
INSERT INTO Company_Client_Project_Scheme (Id,CompanyCode,ClientId,ProjectId,SchemeId,IsRequired,CreatedOn,CreatedBy,LastModifiedOn,LastModifiedBy) VALUES
	 (963,N'TCM',5,17,27,1,'2021-08-30 14:23:55.353',0,NULL,NULL),
	 (964,N'TCM',5,17,29,1,'2021-08-30 14:23:55.353',0,NULL,NULL),
	 (965,N'TCM',5,17,7,1,'2021-08-30 14:23:55.357',0,NULL,NULL),
	 (966,N'TCM',5,17,20,1,'2021-08-30 14:23:55.357',0,NULL,NULL),
	 (967,N'TCM',5,18,28,1,'2021-08-30 14:23:55.36',0,NULL,NULL),
	 (968,N'TCM',5,18,27,1,'2021-08-30 14:23:55.36',0,NULL,NULL),
	 (969,N'TCM',5,18,29,1,'2021-08-30 14:23:55.363',0,NULL,NULL),
	 (970,N'TCM',5,18,7,1,'2021-08-30 14:23:55.363',0,NULL,NULL),
	 (971,N'TCM',5,18,20,1,'2021-08-30 14:23:55.367',0,NULL,NULL),
	 (972,N'TCM',11,25,25,1,'2021-08-30 14:23:55.37',0,NULL,NULL);
INSERT INTO Company_Client_Project_Scheme (Id,CompanyCode,ClientId,ProjectId,SchemeId,IsRequired,CreatedOn,CreatedBy,LastModifiedOn,LastModifiedBy) VALUES
	 (973,N'TCM',11,25,20,1,'2021-08-30 14:23:55.37',0,NULL,NULL),
	 (974,N'TCM',10,24,20,1,'2021-08-30 14:23:55.373',0,NULL,NULL),
	 (975,N'TCM',10,24,12,1,'2021-08-30 14:23:55.373',0,NULL,NULL),
	 (976,N'TCM',10,24,4,1,'2021-08-30 14:23:55.377',0,NULL,NULL),
	 (977,N'TCM',10,24,32,1,'2021-08-30 14:23:55.377',0,NULL,NULL),
	 (978,N'TCM',10,24,20,1,'2021-08-30 14:23:55.38',0,NULL,NULL),
	 (979,N'TCM',6,14,17,1,'2021-08-30 14:23:55.38',0,NULL,NULL),
	 (980,N'TCM',6,14,21,1,'2021-08-30 14:23:55.38',0,NULL,NULL),
	 (981,N'TCM',6,12,14,1,'2021-08-30 14:23:55.383',0,NULL,NULL),
	 (982,N'TCM',6,12,19,1,'2021-08-30 14:23:55.387',0,NULL,NULL);
INSERT INTO Company_Client_Project_Scheme (Id,CompanyCode,ClientId,ProjectId,SchemeId,IsRequired,CreatedOn,CreatedBy,LastModifiedOn,LastModifiedBy) VALUES
	 (983,N'TCM',6,12,29,1,'2021-08-30 14:23:55.39',0,NULL,NULL),
	 (984,N'TCM',6,12,22,1,'2021-08-30 14:23:55.39',0,NULL,NULL),
	 (985,N'BEK',1,2,9,1,'2021-08-30 14:23:55.393',0,NULL,NULL),
	 (986,N'BEK',1,2,24,1,'2021-08-30 14:23:55.393',0,NULL,NULL),
	 (987,N'BEK',1,2,28,1,'2021-08-30 14:23:55.397',0,NULL,NULL),
	 (988,N'BEK',1,2,13,1,'2021-08-30 14:23:55.397',0,NULL,NULL),
	 (989,N'BEK',1,2,4,1,'2021-08-30 14:23:55.4',0,NULL,NULL),
	 (990,N'BEK',1,2,29,1,'2021-08-30 14:23:55.4',0,NULL,NULL),
	 (991,N'BEK',1,2,7,1,'2021-08-30 14:23:55.403',0,NULL,NULL),
	 (992,N'BEK',1,2,20,1,'2021-08-30 14:23:55.407',0,NULL,NULL);
INSERT INTO Company_Client_Project_Scheme (Id,CompanyCode,ClientId,ProjectId,SchemeId,IsRequired,CreatedOn,CreatedBy,LastModifiedOn,LastModifiedBy) VALUES
	 (993,N'BEK',1,3,9,1,'2021-08-30 14:23:55.407',0,NULL,NULL),
	 (994,N'BEK',1,3,24,1,'2021-08-30 14:23:55.41',0,NULL,NULL),
	 (995,N'BEK',1,3,28,1,'2021-08-30 14:23:55.41',0,NULL,NULL),
	 (996,N'BEK',1,3,13,1,'2021-08-30 14:23:55.41',0,NULL,NULL),
	 (997,N'BEK',1,3,4,1,'2021-08-30 14:23:55.413',0,NULL,NULL),
	 (998,N'BEK',1,3,29,1,'2021-08-30 14:23:55.413',0,NULL,NULL),
	 (999,N'BEK',1,3,7,1,'2021-08-30 14:23:55.417',0,NULL,NULL),
	 (1000,N'BEK',1,3,20,1,'2021-08-30 14:23:55.417',0,NULL,NULL),
	 (1001,N'BEK',2,6,9,1,'2021-08-30 14:23:55.42',0,NULL,NULL),
	 (1002,N'BEK',2,6,24,1,'2021-08-30 14:23:55.42',0,NULL,NULL);
INSERT INTO Company_Client_Project_Scheme (Id,CompanyCode,ClientId,ProjectId,SchemeId,IsRequired,CreatedOn,CreatedBy,LastModifiedOn,LastModifiedBy) VALUES
	 (1003,N'BEK',2,6,28,1,'2021-08-30 14:23:55.423',0,NULL,NULL),
	 (1004,N'BEK',2,6,13,1,'2021-08-30 14:23:55.423',0,NULL,NULL),
	 (1005,N'BEK',2,6,4,1,'2021-08-30 14:23:55.427',0,NULL,NULL),
	 (1006,N'BEK',2,6,29,1,'2021-08-30 14:23:55.427',0,NULL,NULL),
	 (1007,N'BEK',2,6,7,1,'2021-08-30 14:23:55.43',0,NULL,NULL),
	 (1008,N'BEK',2,6,20,1,'2021-08-30 14:23:55.43',0,NULL,NULL),
	 (1009,N'BEK',3,7,9,1,'2021-08-30 14:23:55.433',0,NULL,NULL),
	 (1010,N'BEK',3,7,24,1,'2021-08-30 14:23:55.433',0,NULL,NULL),
	 (1011,N'BEK',3,7,28,1,'2021-08-30 14:23:55.437',0,NULL,NULL),
	 (1012,N'BEK',3,7,13,1,'2021-08-30 14:23:55.437',0,NULL,NULL);
INSERT INTO Company_Client_Project_Scheme (Id,CompanyCode,ClientId,ProjectId,SchemeId,IsRequired,CreatedOn,CreatedBy,LastModifiedOn,LastModifiedBy) VALUES
	 (1013,N'BEK',3,7,4,1,'2021-08-30 14:23:55.44',0,NULL,NULL),
	 (1014,N'BEK',3,7,31,1,'2021-08-30 14:23:55.44',0,NULL,NULL),
	 (1015,N'BEK',3,7,8,1,'2021-08-30 14:23:55.443',0,NULL,NULL),
	 (1016,N'BEK',3,7,29,1,'2021-08-30 14:23:55.443',0,NULL,NULL),
	 (1017,N'BEK',3,7,7,1,'2021-08-30 14:23:55.45',0,NULL,NULL),
	 (1018,N'BEK',3,7,25,1,'2021-08-30 14:23:55.45',0,NULL,NULL),
	 (1019,N'BEK',3,7,20,1,'2021-08-30 14:23:55.453',0,NULL,NULL),
	 (1020,N'BEK',3,8,9,1,'2021-08-30 14:23:55.453',0,NULL,NULL),
	 (1021,N'BEK',3,8,24,1,'2021-08-30 14:23:55.457',0,NULL,NULL),
	 (1022,N'BEK',3,8,28,1,'2021-08-30 14:23:55.457',0,NULL,NULL);
INSERT INTO Company_Client_Project_Scheme (Id,CompanyCode,ClientId,ProjectId,SchemeId,IsRequired,CreatedOn,CreatedBy,LastModifiedOn,LastModifiedBy) VALUES
	 (1023,N'BEK',3,8,13,1,'2021-08-30 14:23:55.46',0,NULL,NULL),
	 (1024,N'BEK',3,8,4,1,'2021-08-30 14:23:55.46',0,NULL,NULL),
	 (1025,N'BEK',3,8,31,1,'2021-08-30 14:23:55.463',0,NULL,NULL),
	 (1026,N'BEK',3,8,8,1,'2021-08-30 14:23:55.463',0,NULL,NULL),
	 (1027,N'BEK',3,8,29,1,'2021-08-30 14:23:55.467',0,NULL,NULL),
	 (1028,N'BEK',3,8,7,1,'2021-08-30 14:23:55.47',0,NULL,NULL),
	 (1029,N'BEK',3,8,25,1,'2021-08-30 14:23:55.47',0,NULL,NULL),
	 (1030,N'BEK',3,8,20,1,'2021-08-30 14:23:55.47',0,NULL,NULL),
	 (1031,N'BEK',4,9,9,1,'2021-08-30 14:23:55.473',0,NULL,NULL),
	 (1032,N'BEK',4,9,24,1,'2021-08-30 14:23:55.477',0,NULL,NULL);
INSERT INTO Company_Client_Project_Scheme (Id,CompanyCode,ClientId,ProjectId,SchemeId,IsRequired,CreatedOn,CreatedBy,LastModifiedOn,LastModifiedBy) VALUES
	 (1033,N'BEK',4,9,28,1,'2021-08-30 14:23:55.477',0,NULL,NULL),
	 (1034,N'BEK',4,9,13,1,'2021-08-30 14:23:55.48',0,NULL,NULL),
	 (1035,N'BEK',4,9,4,1,'2021-08-30 14:23:55.48',0,NULL,NULL),
	 (1036,N'BEK',4,9,31,1,'2021-08-30 14:23:55.483',0,NULL,NULL),
	 (1037,N'BEK',4,9,8,1,'2021-08-30 14:23:55.483',0,NULL,NULL),
	 (1038,N'BEK',4,9,29,1,'2021-08-30 14:23:55.487',0,NULL,NULL),
	 (1039,N'BEK',4,9,7,1,'2021-08-30 14:23:55.487',0,NULL,NULL),
	 (1040,N'BEK',4,9,23,1,'2021-08-30 14:23:55.49',0,NULL,NULL),
	 (1041,N'BEK',4,9,2,1,'2021-08-30 14:23:55.49',0,NULL,NULL),
	 (1042,N'BEK',4,9,20,1,'2021-08-30 14:23:55.493',0,NULL,NULL);
INSERT INTO Company_Client_Project_Scheme (Id,CompanyCode,ClientId,ProjectId,SchemeId,IsRequired,CreatedOn,CreatedBy,LastModifiedOn,LastModifiedBy) VALUES
	 (1043,N'BEK',4,10,9,1,'2021-08-30 14:23:55.493',0,NULL,NULL),
	 (1044,N'BEK',4,10,24,1,'2021-08-30 14:23:55.497',0,NULL,NULL),
	 (1045,N'BEK',4,10,28,1,'2021-08-30 14:23:55.5',0,NULL,NULL),
	 (1046,N'BEK',4,10,13,1,'2021-08-30 14:23:55.5',0,NULL,NULL),
	 (1047,N'BEK',4,10,4,1,'2021-08-30 14:23:55.503',0,NULL,NULL),
	 (1048,N'BEK',4,10,31,1,'2021-08-30 14:23:55.503',0,NULL,NULL),
	 (1049,N'BEK',4,10,8,1,'2021-08-30 14:23:55.507',0,NULL,NULL),
	 (1050,N'BEK',4,10,29,1,'2021-08-30 14:23:55.507',0,NULL,NULL),
	 (1051,N'BEK',4,10,7,1,'2021-08-30 14:23:55.507',0,NULL,NULL),
	 (1052,N'BEK',4,10,23,1,'2021-08-30 14:23:55.51',0,NULL,NULL);
INSERT INTO Company_Client_Project_Scheme (Id,CompanyCode,ClientId,ProjectId,SchemeId,IsRequired,CreatedOn,CreatedBy,LastModifiedOn,LastModifiedBy) VALUES
	 (1053,N'BEK',4,10,2,1,'2021-08-30 14:23:55.51',0,NULL,NULL),
	 (1054,N'BEK',4,10,20,1,'2021-08-30 14:23:55.513',0,NULL,NULL),
	 (1055,N'BEK',4,11,9,1,'2021-08-30 14:23:55.513',0,NULL,NULL),
	 (1056,N'BEK',4,11,24,1,'2021-08-30 14:23:55.517',0,NULL,NULL),
	 (1057,N'BEK',4,11,28,1,'2021-08-30 14:23:55.517',0,NULL,NULL),
	 (1058,N'BEK',4,11,13,1,'2021-08-30 14:23:55.52',0,NULL,NULL),
	 (1059,N'BEK',4,11,4,1,'2021-08-30 14:23:55.52',0,NULL,NULL),
	 (1060,N'BEK',4,11,31,1,'2021-08-30 14:23:55.523',0,NULL,NULL),
	 (1061,N'BEK',4,11,8,1,'2021-08-30 14:23:55.523',0,NULL,NULL),
	 (1062,N'BEK',4,11,29,1,'2021-08-30 14:23:55.527',0,NULL,NULL);
INSERT INTO Company_Client_Project_Scheme (Id,CompanyCode,ClientId,ProjectId,SchemeId,IsRequired,CreatedOn,CreatedBy,LastModifiedOn,LastModifiedBy) VALUES
	 (1063,N'BEK',4,11,7,1,'2021-08-30 14:23:55.53',0,NULL,NULL),
	 (1064,N'BEK',4,11,23,1,'2021-08-30 14:23:55.53',0,NULL,NULL),
	 (1065,N'BEK',4,11,2,1,'2021-08-30 14:23:55.533',0,NULL,NULL),
	 (1066,N'BEK',4,11,20,1,'2021-08-30 14:23:55.533',0,NULL,NULL),
	 (1067,N'BEK',4,12,15,1,'2021-08-30 14:23:55.537',0,NULL,NULL),
	 (1068,N'BEK',4,12,16,1,'2021-08-30 14:23:55.537',0,NULL,NULL),
	 (1069,N'BEK',4,12,19,1,'2021-08-30 14:23:55.54',0,NULL,NULL),
	 (1070,N'BEK',4,12,17,1,'2021-08-30 14:23:55.54',0,NULL,NULL),
	 (1071,N'BEK',4,12,5,1,'2021-08-30 14:23:55.543',0,NULL,NULL),
	 (1072,N'BEK',4,12,26,1,'2021-08-30 14:23:55.543',0,NULL,NULL);
INSERT INTO Company_Client_Project_Scheme (Id,CompanyCode,ClientId,ProjectId,SchemeId,IsRequired,CreatedOn,CreatedBy,LastModifiedOn,LastModifiedBy) VALUES
	 (1073,N'BEK',4,12,8,1,'2021-08-30 14:23:55.547',0,NULL,NULL),
	 (1074,N'BEK',4,12,29,1,'2021-08-30 14:23:55.547',0,NULL,NULL),
	 (1075,N'BEK',4,12,20,1,'2021-08-30 14:23:55.553',0,NULL,NULL),
	 (1076,N'BEK',4,13,19,1,'2021-08-30 14:23:55.553',0,NULL,NULL),
	 (1077,N'BEK',4,13,33,1,'2021-08-30 14:23:55.56',0,NULL,NULL),
	 (1078,N'BEK',4,13,20,1,'2021-08-30 14:23:55.56',0,NULL,NULL),
	 (1079,N'BEK',5,17,9,1,'2021-08-30 14:23:55.56',0,NULL,NULL),
	 (1080,N'BEK',5,17,24,1,'2021-08-30 14:23:55.563',0,NULL,NULL),
	 (1081,N'BEK',5,17,28,1,'2021-08-30 14:23:55.567',0,NULL,NULL),
	 (1082,N'BEK',5,17,13,1,'2021-08-30 14:23:55.57',0,NULL,NULL);
INSERT INTO Company_Client_Project_Scheme (Id,CompanyCode,ClientId,ProjectId,SchemeId,IsRequired,CreatedOn,CreatedBy,LastModifiedOn,LastModifiedBy) VALUES
	 (1083,N'BEK',5,17,4,1,'2021-08-30 14:23:55.57',0,NULL,NULL),
	 (1084,N'BEK',5,17,31,1,'2021-08-30 14:23:55.57',0,NULL,NULL),
	 (1085,N'BEK',5,17,8,1,'2021-08-30 14:23:55.573',0,NULL,NULL),
	 (1086,N'BEK',5,17,29,1,'2021-08-30 14:23:55.577',0,NULL,NULL),
	 (1087,N'BEK',5,17,7,1,'2021-08-30 14:23:55.577',0,NULL,NULL),
	 (1088,N'BEK',5,17,23,1,'2021-08-30 14:23:55.58',0,NULL,NULL),
	 (1089,N'BEK',5,17,2,1,'2021-08-30 14:23:55.58',0,NULL,NULL),
	 (1090,N'BEK',5,17,20,1,'2021-08-30 14:23:55.583',0,NULL,NULL),
	 (1091,N'BEK',6,12,19,1,'2021-08-30 14:23:55.583',0,NULL,NULL),
	 (1092,N'BEK',6,12,33,1,'2021-08-30 14:23:55.587',0,NULL,NULL);
INSERT INTO Company_Client_Project_Scheme (Id,CompanyCode,ClientId,ProjectId,SchemeId,IsRequired,CreatedOn,CreatedBy,LastModifiedOn,LastModifiedBy) VALUES
	 (1093,N'BEK',6,12,20,1,'2021-08-30 14:23:55.587',0,NULL,NULL),
	 (1094,N'BEK',6,13,15,1,'2021-08-30 14:23:55.59',0,NULL,NULL),
	 (1095,N'BEK',6,13,16,1,'2021-08-30 14:23:55.59',0,NULL,NULL),
	 (1096,N'BEK',6,13,19,1,'2021-08-30 14:23:55.593',0,NULL,NULL),
	 (1097,N'BEK',6,13,17,1,'2021-08-30 14:23:55.597',0,NULL,NULL),
	 (1098,N'BEK',6,13,5,1,'2021-08-30 14:23:55.6',0,NULL,NULL),
	 (1099,N'BEK',6,13,26,1,'2021-08-30 14:23:55.6',0,NULL,NULL),
	 (1100,N'BEK',6,13,29,1,'2021-08-30 14:23:55.603',0,NULL,NULL),
	 (1101,N'BEK',6,13,20,1,'2021-08-30 14:23:55.603',0,NULL,NULL),
	 (1102,N'BEK',7,19,9,1,'2021-08-30 14:23:55.607',0,NULL,NULL);
INSERT INTO Company_Client_Project_Scheme (Id,CompanyCode,ClientId,ProjectId,SchemeId,IsRequired,CreatedOn,CreatedBy,LastModifiedOn,LastModifiedBy) VALUES
	 (1103,N'BEK',7,19,24,1,'2021-08-30 14:23:55.607',0,NULL,NULL),
	 (1104,N'BEK',7,19,28,1,'2021-08-30 14:23:55.61',0,NULL,NULL),
	 (1105,N'BEK',7,19,13,1,'2021-08-30 14:23:55.61',0,NULL,NULL),
	 (1106,N'BEK',7,19,4,1,'2021-08-30 14:23:55.61',0,NULL,NULL),
	 (1107,N'BEK',7,19,31,1,'2021-08-30 14:23:55.613',0,NULL,NULL),
	 (1108,N'BEK',7,19,8,1,'2021-08-30 14:23:55.617',0,NULL,NULL),
	 (1109,N'BEK',7,19,29,1,'2021-08-30 14:23:55.617',0,NULL,NULL),
	 (1110,N'BEK',7,19,7,1,'2021-08-30 14:23:55.62',0,NULL,NULL),
	 (1111,N'BEK',7,19,20,1,'2021-08-30 14:23:55.62',0,NULL,NULL),
	 (1112,N'BEK',8,22,9,1,'2021-08-30 14:23:55.623',0,NULL,NULL);
INSERT INTO Company_Client_Project_Scheme (Id,CompanyCode,ClientId,ProjectId,SchemeId,IsRequired,CreatedOn,CreatedBy,LastModifiedOn,LastModifiedBy) VALUES
	 (1113,N'BEK',8,22,24,1,'2021-08-30 14:23:55.623',0,NULL,NULL),
	 (1114,N'BEK',8,22,28,1,'2021-08-30 14:23:55.627',0,NULL,NULL),
	 (1115,N'BEK',8,22,13,1,'2021-08-30 14:23:55.627',0,NULL,NULL),
	 (1116,N'BEK',8,22,4,1,'2021-08-30 14:23:55.63',0,NULL,NULL),
	 (1117,N'BEK',8,22,31,1,'2021-08-30 14:23:55.63',0,NULL,NULL),
	 (1118,N'BEK',8,22,8,1,'2021-08-30 14:23:55.633',0,NULL,NULL),
	 (1119,N'BEK',8,22,29,1,'2021-08-30 14:23:55.633',0,NULL,NULL),
	 (1120,N'BEK',8,22,7,1,'2021-08-30 14:23:55.637',0,NULL,NULL),
	 (1121,N'BEK',8,22,23,1,'2021-08-30 14:23:55.637',0,NULL,NULL),
	 (1122,N'BEK',8,22,2,1,'2021-08-30 14:23:55.64',0,NULL,NULL);
INSERT INTO Company_Client_Project_Scheme (Id,CompanyCode,ClientId,ProjectId,SchemeId,IsRequired,CreatedOn,CreatedBy,LastModifiedOn,LastModifiedBy) VALUES
	 (1123,N'BEK',8,22,20,1,'2021-08-30 14:23:55.64',0,NULL,NULL),
	 (1124,N'BEK',9,23,9,1,'2021-08-30 14:23:55.64',0,NULL,NULL),
	 (1125,N'BEK',9,23,24,1,'2021-08-30 14:23:55.643',0,NULL,NULL),
	 (1126,N'BEK',9,23,28,1,'2021-08-30 14:23:55.643',0,NULL,NULL),
	 (1127,N'BEK',9,23,13,1,'2021-08-30 14:23:55.647',0,NULL,NULL),
	 (1128,N'BEK',9,23,4,1,'2021-08-30 14:23:55.65',0,NULL,NULL),
	 (1129,N'BEK',9,23,31,1,'2021-08-30 14:23:55.65',0,NULL,NULL),
	 (1130,N'BEK',9,23,8,1,'2021-08-30 14:23:55.653',0,NULL,NULL),
	 (1131,N'BEK',9,23,29,1,'2021-08-30 14:23:55.653',0,NULL,NULL),
	 (1132,N'BEK',9,23,7,1,'2021-08-30 14:23:55.657',0,NULL,NULL);
INSERT INTO Company_Client_Project_Scheme (Id,CompanyCode,ClientId,ProjectId,SchemeId,IsRequired,CreatedOn,CreatedBy,LastModifiedOn,LastModifiedBy) VALUES
	 (1133,N'BEK',9,23,23,1,'2021-08-30 14:23:55.657',0,NULL,NULL),
	 (1134,N'BEK',9,23,2,1,'2021-08-30 14:23:55.66',0,NULL,NULL),
	 (1135,N'BEK',9,23,20,1,'2021-08-30 14:23:55.66',0,NULL,NULL),
	 (1136,N'BEK',10,24,9,1,'2021-08-30 14:23:55.66',0,NULL,NULL),
	 (1137,N'BEK',10,24,24,1,'2021-08-30 14:23:55.663',0,NULL,NULL),
	 (1138,N'BEK',10,24,28,1,'2021-08-30 14:23:55.667',0,NULL,NULL),
	 (1139,N'BEK',10,24,20,1,'2021-08-30 14:23:55.67',0,NULL,NULL),
	 (1140,N'BEK',11,25,25,1,'2021-08-30 14:23:55.67',0,NULL,NULL),
	 (1141,N'BEK',11,25,20,1,'2021-08-30 14:23:55.67',0,NULL,NULL),
	 (1142,N'TCM',1,2,1,0,'2021-09-02 11:14:28.067',0,NULL,NULL);
INSERT INTO Company_Client_Project_Scheme (Id,CompanyCode,ClientId,ProjectId,SchemeId,IsRequired,CreatedOn,CreatedBy,LastModifiedOn,LastModifiedBy) VALUES
	 (1143,N'TCM',1,2,3,0,'2021-09-02 11:14:28.067',0,NULL,NULL),
	 (1144,N'TCM',1,2,4,0,'2021-09-02 11:14:28.067',0,NULL,NULL),
	 (1145,N'TCM',1,2,5,0,'2021-09-02 11:14:28.067',0,NULL,NULL),
	 (1146,N'TCM',1,2,6,0,'2021-09-02 11:14:28.067',0,NULL,NULL),
	 (1147,N'TCM',1,2,7,1,'2021-09-02 11:14:28.067',0,NULL,NULL),
	 (1148,N'TCM',1,2,8,0,'2021-09-02 11:14:28.067',0,NULL,NULL),
	 (1149,N'TCM',1,2,9,0,'2021-09-02 11:14:28.067',0,NULL,NULL),
	 (1150,N'TCM',1,2,10,0,'2021-09-02 11:14:28.067',0,NULL,NULL),
	 (1151,N'TCM',1,2,12,0,'2021-09-02 11:14:28.067',0,NULL,NULL),
	 (1152,N'TCM',1,2,14,0,'2021-09-02 11:14:28.067',0,NULL,NULL);
INSERT INTO Company_Client_Project_Scheme (Id,CompanyCode,ClientId,ProjectId,SchemeId,IsRequired,CreatedOn,CreatedBy,LastModifiedOn,LastModifiedBy) VALUES
	 (1153,N'TCM',1,2,17,0,'2021-09-02 11:14:28.067',0,NULL,NULL),
	 (1154,N'TCM',1,2,18,0,'2021-09-02 11:14:28.067',0,NULL,NULL),
	 (1155,N'TCM',1,2,19,0,'2021-09-02 11:14:28.067',0,NULL,NULL),
	 (1156,N'TCM',1,2,20,1,'2021-09-02 11:14:28.067',0,NULL,NULL),
	 (1157,N'TCM',1,2,21,0,'2021-09-02 11:14:28.067',0,NULL,NULL),
	 (1158,N'TCM',1,2,22,0,'2021-09-02 11:14:28.067',0,NULL,NULL),
	 (1159,N'TCM',1,2,23,0,'2021-09-02 11:14:28.067',0,NULL,NULL),
	 (1160,N'TCM',1,2,24,0,'2021-09-02 11:14:28.067',0,NULL,NULL),
	 (1161,N'TCM',1,2,27,1,'2021-09-02 11:14:28.067',0,NULL,NULL),
	 (1162,N'TCM',1,2,28,1,'2021-09-02 11:14:28.067',0,NULL,NULL);
INSERT INTO Company_Client_Project_Scheme (Id,CompanyCode,ClientId,ProjectId,SchemeId,IsRequired,CreatedOn,CreatedBy,LastModifiedOn,LastModifiedBy) VALUES
	 (1163,N'TCM',1,2,29,1,'2021-09-02 11:14:28.067',0,NULL,NULL),
	 (1164,N'TCM',1,2,30,0,'2021-09-02 11:14:28.067',0,NULL,NULL),
	 (1165,N'TCM',1,2,31,0,'2021-09-02 11:14:28.067',0,NULL,NULL),
	 (1166,N'TCM',3,7,1,0,'2021-09-02 11:20:29.003',0,NULL,NULL),
	 (1167,N'TCM',3,7,3,0,'2021-09-02 11:20:29.003',0,NULL,NULL),
	 (1168,N'TCM',3,7,4,0,'2021-09-02 11:20:29.003',0,NULL,NULL),
	 (1169,N'TCM',3,7,5,0,'2021-09-02 11:20:29.003',0,NULL,NULL),
	 (1170,N'TCM',3,7,6,0,'2021-09-02 11:20:29.003',0,NULL,NULL),
	 (1171,N'TCM',3,7,7,1,'2021-09-02 11:20:29.003',0,NULL,NULL),
	 (1172,N'TCM',3,7,8,0,'2021-09-02 11:20:29.003',0,NULL,NULL);
INSERT INTO Company_Client_Project_Scheme (Id,CompanyCode,ClientId,ProjectId,SchemeId,IsRequired,CreatedOn,CreatedBy,LastModifiedOn,LastModifiedBy) VALUES
	 (1173,N'TCM',3,7,9,0,'2021-09-02 11:20:29.003',0,NULL,NULL),
	 (1174,N'TCM',3,7,10,0,'2021-09-02 11:20:29.003',0,NULL,NULL),
	 (1175,N'TCM',3,7,12,0,'2021-09-02 11:20:29.003',0,NULL,NULL),
	 (1176,N'TCM',3,7,14,0,'2021-09-02 11:20:29.003',0,NULL,NULL),
	 (1177,N'TCM',3,7,17,0,'2021-09-02 11:20:29.003',0,NULL,NULL),
	 (1178,N'TCM',3,7,18,0,'2021-09-02 11:20:29.003',0,NULL,NULL),
	 (1179,N'TCM',3,7,19,0,'2021-09-02 11:20:29.003',0,NULL,NULL),
	 (1180,N'TCM',3,7,20,1,'2021-09-02 11:20:29.003',0,NULL,NULL),
	 (1181,N'TCM',3,7,21,0,'2021-09-02 11:20:29.003',0,NULL,NULL),
	 (1182,N'TCM',3,7,22,0,'2021-09-02 11:20:29.003',0,NULL,NULL);
INSERT INTO Company_Client_Project_Scheme (Id,CompanyCode,ClientId,ProjectId,SchemeId,IsRequired,CreatedOn,CreatedBy,LastModifiedOn,LastModifiedBy) VALUES
	 (1183,N'TCM',3,7,23,0,'2021-09-02 11:20:29.003',0,NULL,NULL),
	 (1184,N'TCM',3,7,24,0,'2021-09-02 11:20:29.003',0,NULL,NULL),
	 (1185,N'TCM',3,7,27,1,'2021-09-02 11:20:29.003',0,NULL,NULL),
	 (1186,N'TCM',3,7,28,1,'2021-09-02 11:20:29.003',0,NULL,NULL),
	 (1187,N'TCM',3,7,29,1,'2021-09-02 11:20:29.003',0,NULL,NULL),
	 (1188,N'TCM',3,7,30,0,'2021-09-02 11:20:29.003',0,NULL,NULL),
	 (1189,N'TCM',3,7,31,0,'2021-09-02 11:20:29.003',0,NULL,NULL),
	 (1190,N'TCM',2,5,1,0,'2021-09-02 11:27:06.673',0,NULL,NULL),
	 (1191,N'TCM',2,5,3,0,'2021-09-02 11:27:06.673',0,NULL,NULL),
	 (1192,N'TCM',2,5,4,0,'2021-09-02 11:27:06.673',0,NULL,NULL);
INSERT INTO Company_Client_Project_Scheme (Id,CompanyCode,ClientId,ProjectId,SchemeId,IsRequired,CreatedOn,CreatedBy,LastModifiedOn,LastModifiedBy) VALUES
	 (1193,N'TCM',2,5,5,0,'2021-09-02 11:27:06.673',0,NULL,NULL),
	 (1194,N'TCM',2,5,6,0,'2021-09-02 11:27:06.673',0,NULL,NULL),
	 (1195,N'TCM',2,5,7,1,'2021-09-02 11:27:06.673',0,NULL,NULL),
	 (1196,N'TCM',2,5,8,0,'2021-09-02 11:27:06.673',0,NULL,NULL),
	 (1197,N'TCM',2,5,9,0,'2021-09-02 11:27:06.673',0,NULL,NULL),
	 (1198,N'TCM',2,5,10,0,'2021-09-02 11:27:06.673',0,NULL,NULL),
	 (1199,N'TCM',2,5,12,0,'2021-09-02 11:27:06.673',0,NULL,NULL),
	 (1200,N'TCM',2,5,14,0,'2021-09-02 11:27:06.673',0,NULL,NULL),
	 (1201,N'TCM',2,5,17,0,'2021-09-02 11:27:06.673',0,NULL,NULL),
	 (1202,N'TCM',2,5,18,0,'2021-09-02 11:27:06.673',0,NULL,NULL);
INSERT INTO Company_Client_Project_Scheme (Id,CompanyCode,ClientId,ProjectId,SchemeId,IsRequired,CreatedOn,CreatedBy,LastModifiedOn,LastModifiedBy) VALUES
	 (1203,N'TCM',2,5,19,0,'2021-09-02 11:27:06.673',0,NULL,NULL),
	 (1204,N'TCM',2,5,20,1,'2021-09-02 11:27:06.673',0,NULL,NULL),
	 (1205,N'TCM',2,5,21,0,'2021-09-02 11:27:06.673',0,NULL,NULL),
	 (1206,N'TCM',2,5,22,0,'2021-09-02 11:27:06.673',0,NULL,NULL),
	 (1207,N'TCM',2,5,23,0,'2021-09-02 11:27:06.673',0,NULL,NULL),
	 (1208,N'TCM',2,5,24,0,'2021-09-02 11:27:06.673',0,NULL,NULL),
	 (1209,N'TCM',2,5,27,1,'2021-09-02 11:27:06.673',0,NULL,NULL),
	 (1210,N'TCM',2,5,28,1,'2021-09-02 11:27:06.673',0,NULL,NULL),
	 (1211,N'TCM',2,5,29,1,'2021-09-02 11:27:06.673',0,NULL,NULL),
	 (1212,N'TCM',2,5,30,0,'2021-09-02 11:27:06.673',0,NULL,NULL);
INSERT INTO Company_Client_Project_Scheme (Id,CompanyCode,ClientId,ProjectId,SchemeId,IsRequired,CreatedOn,CreatedBy,LastModifiedOn,LastModifiedBy) VALUES
	 (1213,N'TCM',2,5,31,0,'2021-09-02 11:27:06.673',0,NULL,NULL),
	 (1214,N'TCM',4,10,1,0,'2021-09-02 11:31:24.28',0,NULL,NULL),
	 (1215,N'TCM',4,10,3,0,'2021-09-02 11:31:24.28',0,NULL,NULL),
	 (1216,N'TCM',4,10,4,0,'2021-09-02 11:31:24.28',0,NULL,NULL),
	 (1217,N'TCM',4,10,5,0,'2021-09-02 11:31:24.28',0,NULL,NULL),
	 (1218,N'TCM',4,10,6,0,'2021-09-02 11:31:24.28',0,NULL,NULL),
	 (1219,N'TCM',4,10,8,0,'2021-09-02 11:31:24.28',0,NULL,NULL),
	 (1220,N'TCM',4,10,9,0,'2021-09-02 11:31:24.28',0,NULL,NULL),
	 (1221,N'TCM',4,10,10,0,'2021-09-02 11:31:24.28',0,NULL,NULL),
	 (1222,N'TCM',4,10,12,0,'2021-09-02 11:31:24.28',0,NULL,NULL);
INSERT INTO Company_Client_Project_Scheme (Id,CompanyCode,ClientId,ProjectId,SchemeId,IsRequired,CreatedOn,CreatedBy,LastModifiedOn,LastModifiedBy) VALUES
	 (1223,N'TCM',4,10,14,0,'2021-09-02 11:31:24.28',0,NULL,NULL),
	 (1224,N'TCM',4,10,17,0,'2021-09-02 11:31:24.28',0,NULL,NULL),
	 (1225,N'TCM',4,10,18,0,'2021-09-02 11:31:24.28',0,NULL,NULL),
	 (1226,N'TCM',4,10,19,0,'2021-09-02 11:31:24.28',0,NULL,NULL),
	 (1227,N'TCM',4,10,20,0,'2021-09-02 11:31:24.28',0,NULL,NULL),
	 (1228,N'TCM',4,10,24,0,'2021-09-02 11:31:24.28',0,NULL,NULL),
	 (1229,N'TCM',4,10,30,0,'2021-09-02 11:31:24.28',0,NULL,NULL),
	 (1230,N'TCM',4,10,31,0,'2021-09-02 11:31:24.28',0,NULL,NULL),
	 (1231,N'TCM',4,15,1,0,'2021-09-02 11:33:18.147',0,NULL,NULL),
	 (1232,N'TCM',4,15,3,0,'2021-09-02 11:33:18.147',0,NULL,NULL);
INSERT INTO Company_Client_Project_Scheme (Id,CompanyCode,ClientId,ProjectId,SchemeId,IsRequired,CreatedOn,CreatedBy,LastModifiedOn,LastModifiedBy) VALUES
	 (1233,N'TCM',4,15,4,0,'2021-09-02 11:33:18.147',0,NULL,NULL),
	 (1234,N'TCM',4,15,5,0,'2021-09-02 11:33:18.147',0,NULL,NULL),
	 (1235,N'TCM',4,15,6,0,'2021-09-02 11:33:18.147',0,NULL,NULL),
	 (1236,N'TCM',4,15,8,0,'2021-09-02 11:33:18.147',0,NULL,NULL),
	 (1237,N'TCM',4,15,9,0,'2021-09-02 11:33:18.147',0,NULL,NULL),
	 (1238,N'TCM',4,15,10,0,'2021-09-02 11:33:18.147',0,NULL,NULL),
	 (1239,N'TCM',4,15,12,0,'2021-09-02 11:33:18.147',0,NULL,NULL),
	 (1240,N'TCM',4,15,14,0,'2021-09-02 11:33:18.147',0,NULL,NULL),
	 (1241,N'TCM',4,15,17,0,'2021-09-02 11:33:18.147',0,NULL,NULL),
	 (1242,N'TCM',4,15,18,0,'2021-09-02 11:33:18.147',0,NULL,NULL);
INSERT INTO Company_Client_Project_Scheme (Id,CompanyCode,ClientId,ProjectId,SchemeId,IsRequired,CreatedOn,CreatedBy,LastModifiedOn,LastModifiedBy) VALUES
	 (1243,N'TCM',4,15,19,0,'2021-09-02 11:33:18.147',0,NULL,NULL),
	 (1244,N'TCM',4,15,24,0,'2021-09-02 11:33:18.147',0,NULL,NULL),
	 (1245,N'TCM',4,15,30,0,'2021-09-02 11:33:18.147',0,NULL,NULL),
	 (1246,N'TCM',4,15,31,0,'2021-09-02 11:33:18.147',0,NULL,NULL),
	 (1247,N'TCM',4,16,1,0,'2021-09-02 11:33:27.52',0,NULL,NULL),
	 (1248,N'TCM',4,16,3,0,'2021-09-02 11:33:27.52',0,NULL,NULL),
	 (1249,N'TCM',4,16,4,0,'2021-09-02 11:33:27.52',0,NULL,NULL),
	 (1250,N'TCM',4,16,5,0,'2021-09-02 11:33:27.52',0,NULL,NULL),
	 (1251,N'TCM',4,16,6,0,'2021-09-02 11:33:27.52',0,NULL,NULL),
	 (1252,N'TCM',4,16,8,0,'2021-09-02 11:33:27.52',0,NULL,NULL);
INSERT INTO Company_Client_Project_Scheme (Id,CompanyCode,ClientId,ProjectId,SchemeId,IsRequired,CreatedOn,CreatedBy,LastModifiedOn,LastModifiedBy) VALUES
	 (1253,N'TCM',4,16,9,0,'2021-09-02 11:33:27.52',0,NULL,NULL),
	 (1254,N'TCM',4,16,10,0,'2021-09-02 11:33:27.52',0,NULL,NULL),
	 (1255,N'TCM',4,16,12,0,'2021-09-02 11:33:27.52',0,NULL,NULL),
	 (1256,N'TCM',4,16,14,0,'2021-09-02 11:33:27.52',0,NULL,NULL),
	 (1257,N'TCM',4,16,17,0,'2021-09-02 11:33:27.52',0,NULL,NULL),
	 (1258,N'TCM',4,16,18,0,'2021-09-02 11:33:27.52',0,NULL,NULL),
	 (1259,N'TCM',4,16,19,0,'2021-09-02 11:33:27.52',0,NULL,NULL),
	 (1260,N'TCM',4,16,24,0,'2021-09-02 11:33:27.52',0,NULL,NULL),
	 (1261,N'TCM',4,16,30,0,'2021-09-02 11:33:27.52',0,NULL,NULL),
	 (1262,N'TCM',4,16,31,0,'2021-09-02 11:33:27.52',0,NULL,NULL);
INSERT INTO Company_Client_Project_Scheme (Id,CompanyCode,ClientId,ProjectId,SchemeId,IsRequired,CreatedOn,CreatedBy,LastModifiedOn,LastModifiedBy) VALUES
	 (1263,N'TCM',12,26,1,0,'2021-09-02 11:37:49.493',0,NULL,NULL),
	 (1264,N'TCM',12,26,3,0,'2021-09-02 11:37:49.493',0,NULL,NULL),
	 (1265,N'TCM',12,26,5,0,'2021-09-02 11:37:49.493',0,NULL,NULL),
	 (1266,N'TCM',12,26,6,0,'2021-09-02 11:37:49.493',0,NULL,NULL),
	 (1267,N'TCM',12,26,8,0,'2021-09-02 11:37:49.493',0,NULL,NULL),
	 (1268,N'TCM',12,26,9,0,'2021-09-02 11:37:49.493',0,NULL,NULL),
	 (1269,N'TCM',12,26,10,0,'2021-09-02 11:37:49.493',0,NULL,NULL),
	 (1270,N'TCM',12,26,12,0,'2021-09-02 11:37:49.493',0,NULL,NULL),
	 (1271,N'TCM',12,26,14,0,'2021-09-02 11:37:49.493',0,NULL,NULL),
	 (1272,N'TCM',12,26,17,0,'2021-09-02 11:37:49.493',0,NULL,NULL);
INSERT INTO Company_Client_Project_Scheme (Id,CompanyCode,ClientId,ProjectId,SchemeId,IsRequired,CreatedOn,CreatedBy,LastModifiedOn,LastModifiedBy) VALUES
	 (1273,N'TCM',12,26,18,0,'2021-09-02 11:37:49.493',0,NULL,NULL),
	 (1274,N'TCM',12,26,19,0,'2021-09-02 11:37:49.493',0,NULL,NULL),
	 (1275,N'TCM',12,26,21,0,'2021-09-02 11:37:49.493',0,NULL,NULL),
	 (1276,N'TCM',12,26,22,0,'2021-09-02 11:37:49.493',0,NULL,NULL),
	 (1277,N'TCM',12,26,23,0,'2021-09-02 11:37:49.493',0,NULL,NULL),
	 (1278,N'TCM',12,26,24,0,'2021-09-02 11:37:49.493',0,NULL,NULL),
	 (1279,N'TCM',12,26,27,0,'2021-09-02 11:37:49.493',0,NULL,NULL),
	 (1280,N'TCM',12,26,30,0,'2021-09-02 11:37:49.493',0,NULL,NULL),
	 (1281,N'TCM',12,26,31,0,'2021-09-02 11:37:49.493',0,NULL,NULL),
	 (1282,N'TCM',7,20,1,0,'2021-09-02 11:40:34.523',0,NULL,NULL);
INSERT INTO Company_Client_Project_Scheme (Id,CompanyCode,ClientId,ProjectId,SchemeId,IsRequired,CreatedOn,CreatedBy,LastModifiedOn,LastModifiedBy) VALUES
	 (1283,N'TCM',7,20,3,0,'2021-09-02 11:40:34.523',0,NULL,NULL),
	 (1284,N'TCM',7,20,4,0,'2021-09-02 11:40:34.523',0,NULL,NULL),
	 (1285,N'TCM',7,20,5,0,'2021-09-02 11:40:34.523',0,NULL,NULL),
	 (1286,N'TCM',7,20,6,0,'2021-09-02 11:40:34.523',0,NULL,NULL),
	 (1287,N'TCM',7,20,8,0,'2021-09-02 11:40:34.523',0,NULL,NULL),
	 (1288,N'TCM',7,20,9,0,'2021-09-02 11:40:34.523',0,NULL,NULL),
	 (1289,N'TCM',7,20,10,0,'2021-09-02 11:40:34.523',0,NULL,NULL),
	 (1290,N'TCM',7,20,12,0,'2021-09-02 11:40:34.523',0,NULL,NULL),
	 (1291,N'TCM',7,20,14,0,'2021-09-02 11:40:34.523',0,NULL,NULL),
	 (1292,N'TCM',7,20,17,0,'2021-09-02 11:40:34.523',0,NULL,NULL);
INSERT INTO Company_Client_Project_Scheme (Id,CompanyCode,ClientId,ProjectId,SchemeId,IsRequired,CreatedOn,CreatedBy,LastModifiedOn,LastModifiedBy) VALUES
	 (1293,N'TCM',7,20,18,0,'2021-09-02 11:40:34.523',0,NULL,NULL),
	 (1294,N'TCM',7,20,19,0,'2021-09-02 11:40:34.523',0,NULL,NULL),
	 (1295,N'TCM',7,20,21,0,'2021-09-02 11:40:34.523',0,NULL,NULL),
	 (1296,N'TCM',7,20,22,0,'2021-09-02 11:40:34.523',0,NULL,NULL),
	 (1297,N'TCM',7,20,23,0,'2021-09-02 11:40:34.523',0,NULL,NULL),
	 (1298,N'TCM',7,20,24,0,'2021-09-02 11:40:34.523',0,NULL,NULL),
	 (1299,N'TCM',7,20,28,0,'2021-09-02 11:40:34.523',0,NULL,NULL),
	 (1300,N'TCM',7,20,30,0,'2021-09-02 11:40:34.523',0,NULL,NULL),
	 (1301,N'TCM',7,20,31,0,'2021-09-02 11:40:34.523',0,NULL,NULL),
	 (1302,N'TCM',7,21,1,0,'2021-09-02 11:40:43.49',0,NULL,NULL);
INSERT INTO Company_Client_Project_Scheme (Id,CompanyCode,ClientId,ProjectId,SchemeId,IsRequired,CreatedOn,CreatedBy,LastModifiedOn,LastModifiedBy) VALUES
	 (1303,N'TCM',7,21,3,0,'2021-09-02 11:40:43.49',0,NULL,NULL),
	 (1304,N'TCM',7,21,4,0,'2021-09-02 11:40:43.49',0,NULL,NULL),
	 (1305,N'TCM',7,21,5,0,'2021-09-02 11:40:43.49',0,NULL,NULL),
	 (1306,N'TCM',7,21,6,0,'2021-09-02 11:40:43.49',0,NULL,NULL),
	 (1307,N'TCM',7,21,8,0,'2021-09-02 11:40:43.49',0,NULL,NULL),
	 (1308,N'TCM',7,21,9,0,'2021-09-02 11:40:43.49',0,NULL,NULL),
	 (1309,N'TCM',7,21,10,0,'2021-09-02 11:40:43.49',0,NULL,NULL),
	 (1310,N'TCM',7,21,12,0,'2021-09-02 11:40:43.49',0,NULL,NULL),
	 (1311,N'TCM',7,21,14,0,'2021-09-02 11:40:43.49',0,NULL,NULL),
	 (1312,N'TCM',7,21,17,0,'2021-09-02 11:40:43.49',0,NULL,NULL);
INSERT INTO Company_Client_Project_Scheme (Id,CompanyCode,ClientId,ProjectId,SchemeId,IsRequired,CreatedOn,CreatedBy,LastModifiedOn,LastModifiedBy) VALUES
	 (1313,N'TCM',7,21,18,0,'2021-09-02 11:40:43.49',0,NULL,NULL),
	 (1314,N'TCM',7,21,19,0,'2021-09-02 11:40:43.49',0,NULL,NULL),
	 (1315,N'TCM',7,21,21,0,'2021-09-02 11:40:43.49',0,NULL,NULL),
	 (1316,N'TCM',7,21,22,0,'2021-09-02 11:40:43.49',0,NULL,NULL),
	 (1317,N'TCM',7,21,23,0,'2021-09-02 11:40:43.49',0,NULL,NULL),
	 (1318,N'TCM',7,21,24,0,'2021-09-02 11:40:43.49',0,NULL,NULL),
	 (1319,N'TCM',7,21,28,0,'2021-09-02 11:40:43.49',0,NULL,NULL),
	 (1320,N'TCM',7,21,30,0,'2021-09-02 11:40:43.49',0,NULL,NULL),
	 (1321,N'TCM',7,21,31,0,'2021-09-02 11:40:43.49',0,NULL,NULL),
	 (1322,N'TCM',8,22,1,0,'2021-09-02 11:41:41.1',0,NULL,NULL);
INSERT INTO Company_Client_Project_Scheme (Id,CompanyCode,ClientId,ProjectId,SchemeId,IsRequired,CreatedOn,CreatedBy,LastModifiedOn,LastModifiedBy) VALUES
	 (1323,N'TCM',8,22,3,0,'2021-09-02 11:41:41.1',0,NULL,NULL),
	 (1324,N'TCM',8,22,4,0,'2021-09-02 11:41:41.1',0,NULL,NULL),
	 (1325,N'TCM',8,22,5,0,'2021-09-02 11:41:41.1',0,NULL,NULL),
	 (1326,N'TCM',8,22,6,0,'2021-09-02 11:41:41.1',0,NULL,NULL),
	 (1327,N'TCM',8,22,8,0,'2021-09-02 11:41:41.1',0,NULL,NULL),
	 (1328,N'TCM',8,22,9,0,'2021-09-02 11:41:41.1',0,NULL,NULL),
	 (1329,N'TCM',8,22,10,0,'2021-09-02 11:41:41.1',0,NULL,NULL),
	 (1330,N'TCM',8,22,12,0,'2021-09-02 11:41:41.1',0,NULL,NULL),
	 (1331,N'TCM',8,22,14,0,'2021-09-02 11:41:41.1',0,NULL,NULL),
	 (1332,N'TCM',8,22,17,0,'2021-09-02 11:41:41.1',0,NULL,NULL);
INSERT INTO Company_Client_Project_Scheme (Id,CompanyCode,ClientId,ProjectId,SchemeId,IsRequired,CreatedOn,CreatedBy,LastModifiedOn,LastModifiedBy) VALUES
	 (1333,N'TCM',8,22,18,0,'2021-09-02 11:41:41.1',0,NULL,NULL),
	 (1334,N'TCM',8,22,19,0,'2021-09-02 11:41:41.1',0,NULL,NULL),
	 (1335,N'TCM',8,22,21,0,'2021-09-02 11:41:41.1',0,NULL,NULL),
	 (1336,N'TCM',8,22,22,0,'2021-09-02 11:41:41.1',0,NULL,NULL),
	 (1337,N'TCM',8,22,23,0,'2021-09-02 11:41:41.1',0,NULL,NULL),
	 (1338,N'TCM',8,22,24,0,'2021-09-02 11:41:41.1',0,NULL,NULL),
	 (1339,N'TCM',8,22,30,0,'2021-09-02 11:41:41.1',0,NULL,NULL),
	 (1340,N'TCM',8,22,31,0,'2021-09-02 11:41:41.1',0,NULL,NULL),
	 (1341,N'TCM',13,1,1,0,'2021-09-02 11:42:40.413',0,NULL,NULL),
	 (1342,N'TCM',13,1,3,0,'2021-09-02 11:42:40.413',0,NULL,NULL);
INSERT INTO Company_Client_Project_Scheme (Id,CompanyCode,ClientId,ProjectId,SchemeId,IsRequired,CreatedOn,CreatedBy,LastModifiedOn,LastModifiedBy) VALUES
	 (1343,N'TCM',13,1,4,0,'2021-09-02 11:42:40.413',0,NULL,NULL),
	 (1344,N'TCM',13,1,5,0,'2021-09-02 11:42:40.413',0,NULL,NULL),
	 (1345,N'TCM',13,1,6,0,'2021-09-02 11:42:40.413',0,NULL,NULL),
	 (1346,N'TCM',13,1,8,0,'2021-09-02 11:42:40.413',0,NULL,NULL),
	 (1347,N'TCM',13,1,9,0,'2021-09-02 11:42:40.413',0,NULL,NULL),
	 (1348,N'TCM',13,1,10,0,'2021-09-02 11:42:40.413',0,NULL,NULL),
	 (1349,N'TCM',13,1,12,0,'2021-09-02 11:42:40.413',0,NULL,NULL),
	 (1350,N'TCM',13,1,14,0,'2021-09-02 11:42:40.413',0,NULL,NULL),
	 (1351,N'TCM',13,1,17,0,'2021-09-02 11:42:40.413',0,NULL,NULL),
	 (1352,N'TCM',13,1,18,0,'2021-09-02 11:42:40.413',0,NULL,NULL);
INSERT INTO Company_Client_Project_Scheme (Id,CompanyCode,ClientId,ProjectId,SchemeId,IsRequired,CreatedOn,CreatedBy,LastModifiedOn,LastModifiedBy) VALUES
	 (1353,N'TCM',13,1,19,0,'2021-09-02 11:42:40.413',0,NULL,NULL),
	 (1354,N'TCM',13,1,21,0,'2021-09-02 11:42:40.413',0,NULL,NULL),
	 (1355,N'TCM',13,1,22,0,'2021-09-02 11:42:40.413',0,NULL,NULL),
	 (1356,N'TCM',13,1,23,0,'2021-09-02 11:42:40.413',0,NULL,NULL),
	 (1357,N'TCM',13,1,24,0,'2021-09-02 11:42:40.413',0,NULL,NULL),
	 (1358,N'TCM',13,1,30,0,'2021-09-02 11:42:40.413',0,NULL,NULL),
	 (1359,N'TCM',13,1,31,0,'2021-09-02 11:42:40.413',0,NULL,NULL),
	 (1360,N'TCM',13,7,1,0,'2021-09-02 11:42:58.88',0,NULL,NULL),
	 (1361,N'TCM',13,7,3,0,'2021-09-02 11:42:58.88',0,NULL,NULL),
	 (1362,N'TCM',13,7,4,0,'2021-09-02 11:42:58.88',0,NULL,NULL);
INSERT INTO Company_Client_Project_Scheme (Id,CompanyCode,ClientId,ProjectId,SchemeId,IsRequired,CreatedOn,CreatedBy,LastModifiedOn,LastModifiedBy) VALUES
	 (1363,N'TCM',13,7,5,0,'2021-09-02 11:42:58.88',0,NULL,NULL),
	 (1364,N'TCM',13,7,6,0,'2021-09-02 11:42:58.88',0,NULL,NULL),
	 (1365,N'TCM',13,7,8,0,'2021-09-02 11:42:58.88',0,NULL,NULL),
	 (1366,N'TCM',13,7,9,0,'2021-09-02 11:42:58.88',0,NULL,NULL),
	 (1367,N'TCM',13,7,10,0,'2021-09-02 11:42:58.88',0,NULL,NULL),
	 (1368,N'TCM',13,7,12,0,'2021-09-02 11:42:58.88',0,NULL,NULL),
	 (1369,N'TCM',13,7,14,0,'2021-09-02 11:42:58.88',0,NULL,NULL),
	 (1370,N'TCM',13,7,17,0,'2021-09-02 11:42:58.88',0,NULL,NULL),
	 (1371,N'TCM',13,7,18,0,'2021-09-02 11:42:58.88',0,NULL,NULL),
	 (1372,N'TCM',13,7,19,0,'2021-09-02 11:42:58.88',0,NULL,NULL);
INSERT INTO Company_Client_Project_Scheme (Id,CompanyCode,ClientId,ProjectId,SchemeId,IsRequired,CreatedOn,CreatedBy,LastModifiedOn,LastModifiedBy) VALUES
	 (1373,N'TCM',13,7,21,0,'2021-09-02 11:42:58.88',0,NULL,NULL),
	 (1374,N'TCM',13,7,22,0,'2021-09-02 11:42:58.88',0,NULL,NULL),
	 (1375,N'TCM',13,7,23,0,'2021-09-02 11:42:58.88',0,NULL,NULL),
	 (1376,N'TCM',13,7,24,0,'2021-09-02 11:42:58.88',0,NULL,NULL),
	 (1377,N'TCM',13,7,30,0,'2021-09-02 11:42:58.88',0,NULL,NULL),
	 (1378,N'TCM',13,7,31,0,'2021-09-02 11:42:58.88',0,NULL,NULL),
	 (1379,N'TCM',5,17,1,0,'2021-09-02 11:43:39.023',0,NULL,NULL),
	 (1380,N'TCM',5,17,3,0,'2021-09-02 11:43:39.023',0,NULL,NULL),
	 (1381,N'TCM',5,17,4,0,'2021-09-02 11:43:39.023',0,NULL,NULL),
	 (1382,N'TCM',5,17,5,0,'2021-09-02 11:43:39.023',0,NULL,NULL);
INSERT INTO Company_Client_Project_Scheme (Id,CompanyCode,ClientId,ProjectId,SchemeId,IsRequired,CreatedOn,CreatedBy,LastModifiedOn,LastModifiedBy) VALUES
	 (1383,N'TCM',5,17,6,0,'2021-09-02 11:43:39.023',0,NULL,NULL),
	 (1384,N'TCM',5,17,8,0,'2021-09-02 11:43:39.023',0,NULL,NULL),
	 (1385,N'TCM',5,17,9,0,'2021-09-02 11:43:39.023',0,NULL,NULL),
	 (1386,N'TCM',5,17,10,0,'2021-09-02 11:43:39.023',0,NULL,NULL),
	 (1387,N'TCM',5,17,12,0,'2021-09-02 11:43:39.023',0,NULL,NULL),
	 (1388,N'TCM',5,17,14,0,'2021-09-02 11:43:39.023',0,NULL,NULL),
	 (1389,N'TCM',5,17,17,0,'2021-09-02 11:43:39.023',0,NULL,NULL),
	 (1390,N'TCM',5,17,18,0,'2021-09-02 11:43:39.023',0,NULL,NULL),
	 (1391,N'TCM',5,17,19,0,'2021-09-02 11:43:39.023',0,NULL,NULL),
	 (1392,N'TCM',5,17,21,0,'2021-09-02 11:43:39.023',0,NULL,NULL);
INSERT INTO Company_Client_Project_Scheme (Id,CompanyCode,ClientId,ProjectId,SchemeId,IsRequired,CreatedOn,CreatedBy,LastModifiedOn,LastModifiedBy) VALUES
	 (1393,N'TCM',5,17,22,0,'2021-09-02 11:43:39.023',0,NULL,NULL),
	 (1394,N'TCM',5,17,23,0,'2021-09-02 11:43:39.023',0,NULL,NULL),
	 (1395,N'TCM',5,17,24,0,'2021-09-02 11:43:39.023',0,NULL,NULL),
	 (1396,N'TCM',5,17,30,0,'2021-09-02 11:43:39.023',0,NULL,NULL),
	 (1397,N'TCM',5,17,31,0,'2021-09-02 11:43:39.023',0,NULL,NULL),
	 (1398,N'TCM',5,18,1,0,'2021-09-02 11:43:49.85',0,NULL,NULL),
	 (1399,N'TCM',5,18,3,0,'2021-09-02 11:43:49.85',0,NULL,NULL),
	 (1400,N'TCM',5,18,4,0,'2021-09-02 11:43:49.85',0,NULL,NULL),
	 (1401,N'TCM',5,18,5,0,'2021-09-02 11:43:49.85',0,NULL,NULL),
	 (1402,N'TCM',5,18,6,0,'2021-09-02 11:43:49.85',0,NULL,NULL);
INSERT INTO Company_Client_Project_Scheme (Id,CompanyCode,ClientId,ProjectId,SchemeId,IsRequired,CreatedOn,CreatedBy,LastModifiedOn,LastModifiedBy) VALUES
	 (1403,N'TCM',5,18,8,0,'2021-09-02 11:43:49.85',0,NULL,NULL),
	 (1404,N'TCM',5,18,9,0,'2021-09-02 11:43:49.85',0,NULL,NULL),
	 (1405,N'TCM',5,18,10,0,'2021-09-02 11:43:49.85',0,NULL,NULL),
	 (1406,N'TCM',5,18,12,0,'2021-09-02 11:43:49.85',0,NULL,NULL),
	 (1407,N'TCM',5,18,14,0,'2021-09-02 11:43:49.85',0,NULL,NULL),
	 (1408,N'TCM',5,18,17,0,'2021-09-02 11:43:49.85',0,NULL,NULL),
	 (1409,N'TCM',5,18,18,0,'2021-09-02 11:43:49.85',0,NULL,NULL),
	 (1410,N'TCM',5,18,19,0,'2021-09-02 11:43:49.85',0,NULL,NULL),
	 (1411,N'TCM',5,18,21,0,'2021-09-02 11:43:49.85',0,NULL,NULL),
	 (1412,N'TCM',5,18,22,0,'2021-09-02 11:43:49.85',0,NULL,NULL);
INSERT INTO Company_Client_Project_Scheme (Id,CompanyCode,ClientId,ProjectId,SchemeId,IsRequired,CreatedOn,CreatedBy,LastModifiedOn,LastModifiedBy) VALUES
	 (1413,N'TCM',5,18,23,0,'2021-09-02 11:43:49.85',0,NULL,NULL),
	 (1414,N'TCM',5,18,24,0,'2021-09-02 11:43:49.85',0,NULL,NULL),
	 (1415,N'TCM',5,18,30,0,'2021-09-02 11:43:49.85',0,NULL,NULL),
	 (1416,N'TCM',5,18,31,0,'2021-09-02 11:43:49.85',0,NULL,NULL),
	 (1417,N'TCM',6,14,1,0,'2021-09-02 11:45:16.177',0,NULL,NULL),
	 (1418,N'TCM',6,14,3,0,'2021-09-02 11:45:16.177',0,NULL,NULL),
	 (1419,N'TCM',6,14,4,0,'2021-09-02 11:45:16.177',0,NULL,NULL),
	 (1420,N'TCM',6,14,5,0,'2021-09-02 11:45:16.177',0,NULL,NULL),
	 (1421,N'TCM',6,14,6,0,'2021-09-02 11:45:16.177',0,NULL,NULL),
	 (1422,N'TCM',6,14,7,0,'2021-09-02 11:45:16.177',0,NULL,NULL);
INSERT INTO Company_Client_Project_Scheme (Id,CompanyCode,ClientId,ProjectId,SchemeId,IsRequired,CreatedOn,CreatedBy,LastModifiedOn,LastModifiedBy) VALUES
	 (1423,N'TCM',6,14,8,0,'2021-09-02 11:45:16.177',0,NULL,NULL),
	 (1424,N'TCM',6,14,9,0,'2021-09-02 11:45:16.177',0,NULL,NULL),
	 (1425,N'TCM',6,14,10,0,'2021-09-02 11:45:16.177',0,NULL,NULL),
	 (1426,N'TCM',6,14,12,0,'2021-09-02 11:45:16.177',0,NULL,NULL),
	 (1427,N'TCM',6,14,14,0,'2021-09-02 11:45:16.177',0,NULL,NULL),
	 (1428,N'TCM',6,14,18,0,'2021-09-02 11:45:16.177',0,NULL,NULL),
	 (1429,N'TCM',6,14,19,0,'2021-09-02 11:45:16.177',0,NULL,NULL),
	 (1430,N'TCM',6,14,20,0,'2021-09-02 11:45:16.177',0,NULL,NULL),
	 (1431,N'TCM',6,14,22,0,'2021-09-02 11:45:16.177',0,NULL,NULL),
	 (1432,N'TCM',6,14,23,0,'2021-09-02 11:45:16.177',0,NULL,NULL);
INSERT INTO Company_Client_Project_Scheme (Id,CompanyCode,ClientId,ProjectId,SchemeId,IsRequired,CreatedOn,CreatedBy,LastModifiedOn,LastModifiedBy) VALUES
	 (1433,N'TCM',6,14,24,0,'2021-09-02 11:45:16.177',0,NULL,NULL),
	 (1434,N'TCM',6,14,27,0,'2021-09-02 11:45:16.177',0,NULL,NULL),
	 (1435,N'TCM',6,14,28,0,'2021-09-02 11:45:16.177',0,NULL,NULL),
	 (1436,N'TCM',6,14,29,0,'2021-09-02 11:45:16.177',0,NULL,NULL),
	 (1437,N'TCM',6,14,30,0,'2021-09-02 11:45:16.177',0,NULL,NULL),
	 (1438,N'TCM',6,14,31,0,'2021-09-02 11:45:16.177',0,NULL,NULL),
	 (1439,N'TCM',6,12,1,0,'2021-09-02 11:45:53.973',0,NULL,NULL),
	 (1440,N'TCM',6,12,3,0,'2021-09-02 11:45:53.973',0,NULL,NULL),
	 (1441,N'TCM',6,12,4,0,'2021-09-02 11:45:53.973',0,NULL,NULL),
	 (1442,N'TCM',6,12,5,0,'2021-09-02 11:45:53.973',0,NULL,NULL);
INSERT INTO Company_Client_Project_Scheme (Id,CompanyCode,ClientId,ProjectId,SchemeId,IsRequired,CreatedOn,CreatedBy,LastModifiedOn,LastModifiedBy) VALUES
	 (1443,N'TCM',6,12,6,0,'2021-09-02 11:45:53.973',0,NULL,NULL),
	 (1444,N'TCM',6,12,7,0,'2021-09-02 11:45:53.973',0,NULL,NULL),
	 (1445,N'TCM',6,12,8,0,'2021-09-02 11:45:53.973',0,NULL,NULL),
	 (1446,N'TCM',6,12,9,0,'2021-09-02 11:45:53.973',0,NULL,NULL),
	 (1447,N'TCM',6,12,10,0,'2021-09-02 11:45:53.973',0,NULL,NULL),
	 (1448,N'TCM',6,12,12,0,'2021-09-02 11:45:53.973',0,NULL,NULL),
	 (1449,N'TCM',6,12,17,0,'2021-09-02 11:45:53.973',0,NULL,NULL),
	 (1450,N'TCM',6,12,18,0,'2021-09-02 11:45:53.973',0,NULL,NULL),
	 (1451,N'TCM',6,12,20,0,'2021-09-02 11:45:53.973',0,NULL,NULL),
	 (1452,N'TCM',6,12,21,0,'2021-09-02 11:45:53.973',0,NULL,NULL);
INSERT INTO Company_Client_Project_Scheme (Id,CompanyCode,ClientId,ProjectId,SchemeId,IsRequired,CreatedOn,CreatedBy,LastModifiedOn,LastModifiedBy) VALUES
	 (1453,N'TCM',6,12,23,0,'2021-09-02 11:45:53.973',0,NULL,NULL),
	 (1454,N'TCM',6,12,24,0,'2021-09-02 11:45:53.973',0,NULL,NULL),
	 (1455,N'TCM',6,12,27,0,'2021-09-02 11:45:53.973',0,NULL,NULL),
	 (1456,N'TCM',6,12,28,0,'2021-09-02 11:45:53.973',0,NULL,NULL),
	 (1457,N'TCM',6,12,30,0,'2021-09-02 11:45:53.973',0,NULL,NULL),
	 (1458,N'TCM',6,12,31,0,'2021-09-02 11:45:53.973',0,NULL,NULL),
	 (1459,N'IMM',1,4,1,0,'2021-09-02 12:15:06.453',0,NULL,NULL),
	 (1460,N'IMM',1,4,4,1,'2021-09-02 12:15:06.453',0,NULL,NULL),
	 (1461,N'IMM',1,4,5,0,'2021-09-02 12:15:06.453',0,NULL,NULL),
	 (1462,N'IMM',1,4,6,0,'2021-09-02 12:15:06.453',0,NULL,NULL);
INSERT INTO Company_Client_Project_Scheme (Id,CompanyCode,ClientId,ProjectId,SchemeId,IsRequired,CreatedOn,CreatedBy,LastModifiedOn,LastModifiedBy) VALUES
	 (1463,N'IMM',1,4,7,1,'2021-09-02 12:15:06.453',0,NULL,NULL),
	 (1464,N'IMM',1,4,8,0,'2021-09-02 12:15:06.453',0,NULL,NULL),
	 (1465,N'IMM',1,4,9,1,'2021-09-02 12:15:06.453',0,NULL,NULL),
	 (1466,N'IMM',1,4,10,0,'2021-09-02 12:15:06.453',0,NULL,NULL),
	 (1467,N'IMM',1,4,12,0,'2021-09-02 12:15:06.453',0,NULL,NULL),
	 (1468,N'IMM',1,4,14,0,'2021-09-02 12:15:06.453',0,NULL,NULL),
	 (1469,N'IMM',1,4,17,0,'2021-09-02 12:15:06.453',0,NULL,NULL),
	 (1470,N'IMM',1,4,18,0,'2021-09-02 12:15:06.453',0,NULL,NULL),
	 (1471,N'IMM',1,4,19,0,'2021-09-02 12:15:06.453',0,NULL,NULL),
	 (1472,N'IMM',1,4,20,1,'2021-09-02 12:15:06.453',0,NULL,NULL);
INSERT INTO Company_Client_Project_Scheme (Id,CompanyCode,ClientId,ProjectId,SchemeId,IsRequired,CreatedOn,CreatedBy,LastModifiedOn,LastModifiedBy) VALUES
	 (1473,N'IMM',1,4,21,0,'2021-09-02 12:15:06.453',0,NULL,NULL),
	 (1474,N'IMM',1,4,22,0,'2021-09-02 12:15:06.453',0,NULL,NULL),
	 (1475,N'IMM',1,4,23,0,'2021-09-02 12:15:06.453',0,NULL,NULL),
	 (1476,N'IMM',1,4,24,1,'2021-09-02 12:15:06.453',0,NULL,NULL),
	 (1477,N'IMM',1,4,27,0,'2021-09-02 12:15:06.453',0,NULL,NULL),
	 (1478,N'IMM',1,4,28,1,'2021-09-02 12:15:06.453',0,NULL,NULL),
	 (1479,N'IMM',1,4,29,1,'2021-09-02 12:15:06.453',0,NULL,NULL),
	 (1480,N'IMM',1,4,30,0,'2021-09-02 12:15:06.453',0,NULL,NULL),
	 (1481,N'IMM',1,4,31,0,'2021-09-02 12:15:06.453',0,NULL,NULL),
	 (1482,N'IMM',1,3,1,0,'2021-09-02 12:15:06.453',0,NULL,NULL);
INSERT INTO Company_Client_Project_Scheme (Id,CompanyCode,ClientId,ProjectId,SchemeId,IsRequired,CreatedOn,CreatedBy,LastModifiedOn,LastModifiedBy) VALUES
	 (1483,N'IMM',1,3,4,1,'2021-09-02 12:15:06.453',0,NULL,NULL),
	 (1484,N'IMM',1,3,5,0,'2021-09-02 12:15:06.453',0,NULL,NULL),
	 (1485,N'IMM',1,3,6,0,'2021-09-02 12:15:06.453',0,NULL,NULL),
	 (1486,N'IMM',1,3,7,1,'2021-09-02 12:15:06.453',0,NULL,NULL),
	 (1487,N'IMM',1,3,8,0,'2021-09-02 12:15:06.453',0,NULL,NULL),
	 (1488,N'IMM',1,3,9,1,'2021-09-02 12:15:06.453',0,NULL,NULL),
	 (1489,N'IMM',1,3,10,0,'2021-09-02 12:15:06.453',0,NULL,NULL),
	 (1490,N'IMM',1,3,12,0,'2021-09-02 12:15:06.453',0,NULL,NULL),
	 (1491,N'IMM',1,3,14,0,'2021-09-02 12:15:06.453',0,NULL,NULL),
	 (1492,N'IMM',1,3,17,0,'2021-09-02 12:15:06.453',0,NULL,NULL);
INSERT INTO Company_Client_Project_Scheme (Id,CompanyCode,ClientId,ProjectId,SchemeId,IsRequired,CreatedOn,CreatedBy,LastModifiedOn,LastModifiedBy) VALUES
	 (1493,N'IMM',1,3,18,0,'2021-09-02 12:15:06.453',0,NULL,NULL),
	 (1494,N'IMM',1,3,19,0,'2021-09-02 12:15:06.453',0,NULL,NULL),
	 (1495,N'IMM',1,3,20,1,'2021-09-02 12:15:06.453',0,NULL,NULL),
	 (1496,N'IMM',1,3,21,0,'2021-09-02 12:15:06.453',0,NULL,NULL),
	 (1497,N'IMM',1,3,22,0,'2021-09-02 12:15:06.453',0,NULL,NULL),
	 (1498,N'IMM',1,3,23,0,'2021-09-02 12:15:06.453',0,NULL,NULL),
	 (1499,N'IMM',1,3,24,1,'2021-09-02 12:15:06.453',0,NULL,NULL),
	 (1500,N'IMM',1,3,27,0,'2021-09-02 12:15:06.453',0,NULL,NULL),
	 (1501,N'IMM',1,3,28,1,'2021-09-02 12:15:06.453',0,NULL,NULL),
	 (1502,N'IMM',1,3,29,1,'2021-09-02 12:15:06.453',0,NULL,NULL);
INSERT INTO Company_Client_Project_Scheme (Id,CompanyCode,ClientId,ProjectId,SchemeId,IsRequired,CreatedOn,CreatedBy,LastModifiedOn,LastModifiedBy) VALUES
	 (1503,N'IMM',1,3,30,0,'2021-09-02 12:15:06.453',0,NULL,NULL),
	 (1504,N'IMM',1,3,31,0,'2021-09-02 12:15:06.453',0,NULL,NULL),
	 (1505,N'IMM',2,6,1,0,'2021-09-02 12:15:06.453',0,NULL,NULL),
	 (1506,N'IMM',2,6,4,1,'2021-09-02 12:15:06.453',0,NULL,NULL),
	 (1507,N'IMM',2,6,5,0,'2021-09-02 12:15:06.453',0,NULL,NULL),
	 (1508,N'IMM',2,6,6,0,'2021-09-02 12:15:06.453',0,NULL,NULL),
	 (1509,N'IMM',2,6,7,1,'2021-09-02 12:15:06.453',0,NULL,NULL),
	 (1510,N'IMM',2,6,8,0,'2021-09-02 12:15:06.453',0,NULL,NULL),
	 (1511,N'IMM',2,6,9,1,'2021-09-02 12:15:06.453',0,NULL,NULL),
	 (1512,N'IMM',2,6,10,0,'2021-09-02 12:15:06.453',0,NULL,NULL);
INSERT INTO Company_Client_Project_Scheme (Id,CompanyCode,ClientId,ProjectId,SchemeId,IsRequired,CreatedOn,CreatedBy,LastModifiedOn,LastModifiedBy) VALUES
	 (1513,N'IMM',2,6,12,0,'2021-09-02 12:15:06.453',0,NULL,NULL),
	 (1514,N'IMM',2,6,14,0,'2021-09-02 12:15:06.453',0,NULL,NULL),
	 (1515,N'IMM',2,6,17,0,'2021-09-02 12:15:06.453',0,NULL,NULL),
	 (1516,N'IMM',2,6,18,0,'2021-09-02 12:15:06.453',0,NULL,NULL),
	 (1517,N'IMM',2,6,19,0,'2021-09-02 12:15:06.453',0,NULL,NULL),
	 (1518,N'IMM',2,6,20,1,'2021-09-02 12:15:06.453',0,NULL,NULL),
	 (1519,N'IMM',2,6,21,0,'2021-09-02 12:15:06.453',0,NULL,NULL),
	 (1520,N'IMM',2,6,22,0,'2021-09-02 12:15:06.453',0,NULL,NULL),
	 (1521,N'IMM',2,6,23,0,'2021-09-02 12:15:06.453',0,NULL,NULL),
	 (1522,N'IMM',2,6,24,1,'2021-09-02 12:15:06.453',0,NULL,NULL);
INSERT INTO Company_Client_Project_Scheme (Id,CompanyCode,ClientId,ProjectId,SchemeId,IsRequired,CreatedOn,CreatedBy,LastModifiedOn,LastModifiedBy) VALUES
	 (1523,N'IMM',2,6,27,0,'2021-09-02 12:15:06.453',0,NULL,NULL),
	 (1524,N'IMM',2,6,28,1,'2021-09-02 12:15:06.453',0,NULL,NULL),
	 (1525,N'IMM',2,6,29,1,'2021-09-02 12:15:06.453',0,NULL,NULL),
	 (1526,N'IMM',2,6,30,0,'2021-09-02 12:15:06.453',0,NULL,NULL),
	 (1527,N'IMM',2,6,31,0,'2021-09-02 12:15:06.453',0,NULL,NULL),
	 (1528,N'IMM',3,7,1,0,'2021-09-02 12:15:06.453',0,NULL,NULL),
	 (1529,N'IMM',3,7,4,1,'2021-09-02 12:15:06.453',0,NULL,NULL),
	 (1530,N'IMM',3,7,5,0,'2021-09-02 12:15:06.453',0,NULL,NULL),
	 (1531,N'IMM',3,7,6,0,'2021-09-02 12:15:06.453',0,NULL,NULL),
	 (1532,N'IMM',3,7,7,1,'2021-09-02 12:15:06.453',0,NULL,NULL);
INSERT INTO Company_Client_Project_Scheme (Id,CompanyCode,ClientId,ProjectId,SchemeId,IsRequired,CreatedOn,CreatedBy,LastModifiedOn,LastModifiedBy) VALUES
	 (1533,N'IMM',3,7,8,1,'2021-09-02 12:15:06.453',0,NULL,NULL),
	 (1534,N'IMM',3,7,9,1,'2021-09-02 12:15:06.453',0,NULL,NULL),
	 (1535,N'IMM',3,7,10,0,'2021-09-02 12:15:06.453',0,NULL,NULL),
	 (1536,N'IMM',3,7,12,0,'2021-09-02 12:15:06.453',0,NULL,NULL),
	 (1537,N'IMM',3,7,14,0,'2021-09-02 12:15:06.453',0,NULL,NULL),
	 (1538,N'IMM',3,7,17,0,'2021-09-02 12:15:06.453',0,NULL,NULL),
	 (1539,N'IMM',3,7,18,0,'2021-09-02 12:15:06.453',0,NULL,NULL),
	 (1540,N'IMM',3,7,19,0,'2021-09-02 12:15:06.453',0,NULL,NULL),
	 (1541,N'IMM',3,7,20,1,'2021-09-02 12:15:06.453',0,NULL,NULL),
	 (1542,N'IMM',3,7,21,0,'2021-09-02 12:15:06.453',0,NULL,NULL);
INSERT INTO Company_Client_Project_Scheme (Id,CompanyCode,ClientId,ProjectId,SchemeId,IsRequired,CreatedOn,CreatedBy,LastModifiedOn,LastModifiedBy) VALUES
	 (1543,N'IMM',3,7,22,0,'2021-09-02 12:15:06.453',0,NULL,NULL),
	 (1544,N'IMM',3,7,23,0,'2021-09-02 12:15:06.453',0,NULL,NULL),
	 (1545,N'IMM',3,7,24,1,'2021-09-02 12:15:06.453',0,NULL,NULL),
	 (1546,N'IMM',3,7,27,0,'2021-09-02 12:15:06.453',0,NULL,NULL),
	 (1547,N'IMM',3,7,28,1,'2021-09-02 12:15:06.453',0,NULL,NULL),
	 (1548,N'IMM',3,7,29,1,'2021-09-02 12:15:06.453',0,NULL,NULL),
	 (1549,N'IMM',3,7,30,0,'2021-09-02 12:15:06.453',0,NULL,NULL),
	 (1550,N'IMM',3,7,31,1,'2021-09-02 12:15:06.453',0,NULL,NULL),
	 (1551,N'IMM',3,8,1,0,'2021-09-02 12:15:06.453',0,NULL,NULL),
	 (1552,N'IMM',3,8,4,1,'2021-09-02 12:15:06.453',0,NULL,NULL);
INSERT INTO Company_Client_Project_Scheme (Id,CompanyCode,ClientId,ProjectId,SchemeId,IsRequired,CreatedOn,CreatedBy,LastModifiedOn,LastModifiedBy) VALUES
	 (1553,N'IMM',3,8,5,0,'2021-09-02 12:15:06.453',0,NULL,NULL),
	 (1554,N'IMM',3,8,6,0,'2021-09-02 12:15:06.453',0,NULL,NULL),
	 (1555,N'IMM',3,8,7,1,'2021-09-02 12:15:06.453',0,NULL,NULL),
	 (1556,N'IMM',3,8,8,1,'2021-09-02 12:15:06.453',0,NULL,NULL),
	 (1557,N'IMM',3,8,9,1,'2021-09-02 12:15:06.453',0,NULL,NULL),
	 (1558,N'IMM',3,8,10,0,'2021-09-02 12:15:06.453',0,NULL,NULL),
	 (1559,N'IMM',3,8,12,0,'2021-09-02 12:15:06.453',0,NULL,NULL),
	 (1560,N'IMM',3,8,14,0,'2021-09-02 12:15:06.453',0,NULL,NULL),
	 (1561,N'IMM',3,8,17,0,'2021-09-02 12:15:06.453',0,NULL,NULL),
	 (1562,N'IMM',3,8,18,0,'2021-09-02 12:15:06.453',0,NULL,NULL);
INSERT INTO Company_Client_Project_Scheme (Id,CompanyCode,ClientId,ProjectId,SchemeId,IsRequired,CreatedOn,CreatedBy,LastModifiedOn,LastModifiedBy) VALUES
	 (1563,N'IMM',3,8,19,0,'2021-09-02 12:15:06.453',0,NULL,NULL),
	 (1564,N'IMM',3,8,20,1,'2021-09-02 12:15:06.453',0,NULL,NULL),
	 (1565,N'IMM',3,8,21,0,'2021-09-02 12:15:06.453',0,NULL,NULL),
	 (1566,N'IMM',3,8,22,0,'2021-09-02 12:15:06.453',0,NULL,NULL),
	 (1567,N'IMM',3,8,23,0,'2021-09-02 12:15:06.453',0,NULL,NULL),
	 (1568,N'IMM',3,8,24,1,'2021-09-02 12:15:06.453',0,NULL,NULL),
	 (1569,N'IMM',3,8,27,0,'2021-09-02 12:15:06.453',0,NULL,NULL),
	 (1570,N'IMM',3,8,28,1,'2021-09-02 12:15:06.453',0,NULL,NULL),
	 (1571,N'IMM',3,8,29,1,'2021-09-02 12:15:06.453',0,NULL,NULL),
	 (1572,N'IMM',3,8,30,0,'2021-09-02 12:15:06.453',0,NULL,NULL);
INSERT INTO Company_Client_Project_Scheme (Id,CompanyCode,ClientId,ProjectId,SchemeId,IsRequired,CreatedOn,CreatedBy,LastModifiedOn,LastModifiedBy) VALUES
	 (1573,N'IMM',3,8,31,1,'2021-09-02 12:15:06.453',0,NULL,NULL),
	 (1574,N'IMM',4,9,1,0,'2021-09-02 12:15:06.453',0,NULL,NULL),
	 (1575,N'IMM',4,9,4,1,'2021-09-02 12:15:06.453',0,NULL,NULL),
	 (1576,N'IMM',4,9,5,0,'2021-09-02 12:15:06.453',0,NULL,NULL),
	 (1577,N'IMM',4,9,6,0,'2021-09-02 12:15:06.453',0,NULL,NULL),
	 (1578,N'IMM',4,9,7,1,'2021-09-02 12:15:06.453',0,NULL,NULL),
	 (1579,N'IMM',4,9,8,1,'2021-09-02 12:15:06.453',0,NULL,NULL),
	 (1580,N'IMM',4,9,9,1,'2021-09-02 12:15:06.453',0,NULL,NULL),
	 (1581,N'IMM',4,9,10,0,'2021-09-02 12:15:06.453',0,NULL,NULL),
	 (1582,N'IMM',4,9,12,0,'2021-09-02 12:15:06.453',0,NULL,NULL);
INSERT INTO Company_Client_Project_Scheme (Id,CompanyCode,ClientId,ProjectId,SchemeId,IsRequired,CreatedOn,CreatedBy,LastModifiedOn,LastModifiedBy) VALUES
	 (1583,N'IMM',4,9,14,0,'2021-09-02 12:15:06.453',0,NULL,NULL),
	 (1584,N'IMM',4,9,17,0,'2021-09-02 12:15:06.453',0,NULL,NULL),
	 (1585,N'IMM',4,9,18,0,'2021-09-02 12:15:06.453',0,NULL,NULL),
	 (1586,N'IMM',4,9,19,0,'2021-09-02 12:15:06.453',0,NULL,NULL),
	 (1587,N'IMM',4,9,20,1,'2021-09-02 12:15:06.453',0,NULL,NULL),
	 (1588,N'IMM',4,9,21,0,'2021-09-02 12:15:06.453',0,NULL,NULL),
	 (1589,N'IMM',4,9,22,0,'2021-09-02 12:15:06.453',0,NULL,NULL),
	 (1590,N'IMM',4,9,23,1,'2021-09-02 12:15:06.453',0,NULL,NULL),
	 (1591,N'IMM',4,9,24,1,'2021-09-02 12:15:06.453',0,NULL,NULL),
	 (1592,N'IMM',4,9,27,0,'2021-09-02 12:15:06.453',0,NULL,NULL);
INSERT INTO Company_Client_Project_Scheme (Id,CompanyCode,ClientId,ProjectId,SchemeId,IsRequired,CreatedOn,CreatedBy,LastModifiedOn,LastModifiedBy) VALUES
	 (1593,N'IMM',4,9,28,1,'2021-09-02 12:15:06.453',0,NULL,NULL),
	 (1594,N'IMM',4,9,29,1,'2021-09-02 12:15:06.453',0,NULL,NULL),
	 (1595,N'IMM',4,9,30,0,'2021-09-02 12:15:06.453',0,NULL,NULL),
	 (1596,N'IMM',4,9,31,1,'2021-09-02 12:15:06.453',0,NULL,NULL),
	 (1597,N'IMM',4,10,1,0,'2021-09-02 12:15:06.453',0,NULL,NULL),
	 (1598,N'IMM',4,10,4,1,'2021-09-02 12:15:06.453',0,NULL,NULL),
	 (1599,N'IMM',4,10,5,0,'2021-09-02 12:15:06.453',0,NULL,NULL),
	 (1600,N'IMM',4,10,6,0,'2021-09-02 12:15:06.453',0,NULL,NULL),
	 (1601,N'IMM',4,10,7,1,'2021-09-02 12:15:06.453',0,NULL,NULL),
	 (1602,N'IMM',4,10,8,1,'2021-09-02 12:15:06.453',0,NULL,NULL);
INSERT INTO Company_Client_Project_Scheme (Id,CompanyCode,ClientId,ProjectId,SchemeId,IsRequired,CreatedOn,CreatedBy,LastModifiedOn,LastModifiedBy) VALUES
	 (1603,N'IMM',4,10,9,1,'2021-09-02 12:15:06.453',0,NULL,NULL),
	 (1604,N'IMM',4,10,10,0,'2021-09-02 12:15:06.453',0,NULL,NULL),
	 (1605,N'IMM',4,10,12,0,'2021-09-02 12:15:06.453',0,NULL,NULL),
	 (1606,N'IMM',4,10,14,0,'2021-09-02 12:15:06.453',0,NULL,NULL),
	 (1607,N'IMM',4,10,17,0,'2021-09-02 12:15:06.453',0,NULL,NULL),
	 (1608,N'IMM',4,10,18,0,'2021-09-02 12:15:06.453',0,NULL,NULL),
	 (1609,N'IMM',4,10,19,0,'2021-09-02 12:15:06.453',0,NULL,NULL),
	 (1610,N'IMM',4,10,20,1,'2021-09-02 12:15:06.453',0,NULL,NULL),
	 (1611,N'IMM',4,10,21,0,'2021-09-02 12:15:06.453',0,NULL,NULL),
	 (1612,N'IMM',4,10,22,0,'2021-09-02 12:15:06.453',0,NULL,NULL);
INSERT INTO Company_Client_Project_Scheme (Id,CompanyCode,ClientId,ProjectId,SchemeId,IsRequired,CreatedOn,CreatedBy,LastModifiedOn,LastModifiedBy) VALUES
	 (1613,N'IMM',4,10,23,1,'2021-09-02 12:15:06.453',0,NULL,NULL),
	 (1614,N'IMM',4,10,24,1,'2021-09-02 12:15:06.453',0,NULL,NULL),
	 (1615,N'IMM',4,10,27,0,'2021-09-02 12:15:06.453',0,NULL,NULL),
	 (1616,N'IMM',4,10,28,1,'2021-09-02 12:15:06.453',0,NULL,NULL),
	 (1617,N'IMM',4,10,29,1,'2021-09-02 12:15:06.453',0,NULL,NULL),
	 (1618,N'IMM',4,10,30,0,'2021-09-02 12:15:06.453',0,NULL,NULL),
	 (1619,N'IMM',4,10,31,1,'2021-09-02 12:15:06.453',0,NULL,NULL),
	 (1620,N'IMM',4,11,1,0,'2021-09-02 12:15:06.453',0,NULL,NULL),
	 (1621,N'IMM',4,11,4,1,'2021-09-02 12:15:06.453',0,NULL,NULL),
	 (1622,N'IMM',4,11,5,0,'2021-09-02 12:15:06.453',0,NULL,NULL);
INSERT INTO Company_Client_Project_Scheme (Id,CompanyCode,ClientId,ProjectId,SchemeId,IsRequired,CreatedOn,CreatedBy,LastModifiedOn,LastModifiedBy) VALUES
	 (1623,N'IMM',4,11,6,0,'2021-09-02 12:15:06.453',0,NULL,NULL),
	 (1624,N'IMM',4,11,7,1,'2021-09-02 12:15:06.453',0,NULL,NULL),
	 (1625,N'IMM',4,11,8,1,'2021-09-02 12:15:06.453',0,NULL,NULL),
	 (1626,N'IMM',4,11,9,1,'2021-09-02 12:15:06.453',0,NULL,NULL),
	 (1627,N'IMM',4,11,10,0,'2021-09-02 12:15:06.453',0,NULL,NULL),
	 (1628,N'IMM',4,11,12,0,'2021-09-02 12:15:06.453',0,NULL,NULL),
	 (1629,N'IMM',4,11,14,0,'2021-09-02 12:15:06.453',0,NULL,NULL),
	 (1630,N'IMM',4,11,17,0,'2021-09-02 12:15:06.453',0,NULL,NULL),
	 (1631,N'IMM',4,11,18,0,'2021-09-02 12:15:06.453',0,NULL,NULL),
	 (1632,N'IMM',4,11,19,0,'2021-09-02 12:15:06.453',0,NULL,NULL);
INSERT INTO Company_Client_Project_Scheme (Id,CompanyCode,ClientId,ProjectId,SchemeId,IsRequired,CreatedOn,CreatedBy,LastModifiedOn,LastModifiedBy) VALUES
	 (1633,N'IMM',4,11,20,1,'2021-09-02 12:15:06.453',0,NULL,NULL),
	 (1634,N'IMM',4,11,21,0,'2021-09-02 12:15:06.453',0,NULL,NULL),
	 (1635,N'IMM',4,11,22,0,'2021-09-02 12:15:06.453',0,NULL,NULL),
	 (1636,N'IMM',4,11,23,1,'2021-09-02 12:15:06.453',0,NULL,NULL),
	 (1637,N'IMM',4,11,24,1,'2021-09-02 12:15:06.453',0,NULL,NULL),
	 (1638,N'IMM',4,11,27,0,'2021-09-02 12:15:06.453',0,NULL,NULL),
	 (1639,N'IMM',4,11,28,1,'2021-09-02 12:15:06.453',0,NULL,NULL),
	 (1640,N'IMM',4,11,29,1,'2021-09-02 12:15:06.453',0,NULL,NULL),
	 (1641,N'IMM',4,11,30,0,'2021-09-02 12:15:06.453',0,NULL,NULL),
	 (1642,N'IMM',4,11,31,1,'2021-09-02 12:15:06.453',0,NULL,NULL);
INSERT INTO Company_Client_Project_Scheme (Id,CompanyCode,ClientId,ProjectId,SchemeId,IsRequired,CreatedOn,CreatedBy,LastModifiedOn,LastModifiedBy) VALUES
	 (1643,N'IMM',4,12,1,0,'2021-09-02 12:15:06.453',0,NULL,NULL),
	 (1644,N'IMM',4,12,4,0,'2021-09-02 12:15:06.453',0,NULL,NULL),
	 (1645,N'IMM',4,12,5,1,'2021-09-02 12:15:06.453',0,NULL,NULL),
	 (1646,N'IMM',4,12,6,0,'2021-09-02 12:15:06.453',0,NULL,NULL),
	 (1647,N'IMM',4,12,7,0,'2021-09-02 12:15:06.453',0,NULL,NULL),
	 (1648,N'IMM',4,12,8,0,'2021-09-02 12:15:06.453',0,NULL,NULL),
	 (1649,N'IMM',4,12,9,0,'2021-09-02 12:15:06.453',0,NULL,NULL),
	 (1650,N'IMM',4,12,10,0,'2021-09-02 12:15:06.453',0,NULL,NULL),
	 (1651,N'IMM',4,12,12,0,'2021-09-02 12:15:06.453',0,NULL,NULL),
	 (1652,N'IMM',4,12,14,0,'2021-09-02 12:15:06.453',0,NULL,NULL);
INSERT INTO Company_Client_Project_Scheme (Id,CompanyCode,ClientId,ProjectId,SchemeId,IsRequired,CreatedOn,CreatedBy,LastModifiedOn,LastModifiedBy) VALUES
	 (1653,N'IMM',4,12,17,1,'2021-09-02 12:15:06.453',0,NULL,NULL),
	 (1654,N'IMM',4,12,18,0,'2021-09-02 12:15:06.453',0,NULL,NULL),
	 (1655,N'IMM',4,12,19,1,'2021-09-02 12:15:06.453',0,NULL,NULL),
	 (1656,N'IMM',4,12,20,1,'2021-09-02 12:15:06.453',0,NULL,NULL),
	 (1657,N'IMM',4,12,21,0,'2021-09-02 12:15:06.453',0,NULL,NULL),
	 (1658,N'IMM',4,12,22,0,'2021-09-02 12:15:06.453',0,NULL,NULL),
	 (1659,N'IMM',4,12,23,0,'2021-09-02 12:15:06.453',0,NULL,NULL),
	 (1660,N'IMM',4,12,24,0,'2021-09-02 12:15:06.453',0,NULL,NULL),
	 (1661,N'IMM',4,12,27,0,'2021-09-02 12:15:06.453',0,NULL,NULL),
	 (1662,N'IMM',4,12,28,0,'2021-09-02 12:15:06.453',0,NULL,NULL);
INSERT INTO Company_Client_Project_Scheme (Id,CompanyCode,ClientId,ProjectId,SchemeId,IsRequired,CreatedOn,CreatedBy,LastModifiedOn,LastModifiedBy) VALUES
	 (1663,N'IMM',4,12,29,1,'2021-09-02 12:15:06.453',0,NULL,NULL),
	 (1664,N'IMM',4,12,30,0,'2021-09-02 12:15:06.453',0,NULL,NULL),
	 (1665,N'IMM',4,12,31,0,'2021-09-02 12:15:06.453',0,NULL,NULL),
	 (1666,N'IMM',4,13,1,0,'2021-09-02 12:15:06.453',0,NULL,NULL),
	 (1667,N'IMM',4,13,4,0,'2021-09-02 12:15:06.453',0,NULL,NULL),
	 (1668,N'IMM',4,13,5,0,'2021-09-02 12:15:06.453',0,NULL,NULL),
	 (1669,N'IMM',4,13,6,0,'2021-09-02 12:15:06.453',0,NULL,NULL),
	 (1670,N'IMM',4,13,7,0,'2021-09-02 12:15:06.453',0,NULL,NULL),
	 (1671,N'IMM',4,13,8,0,'2021-09-02 12:15:06.453',0,NULL,NULL),
	 (1672,N'IMM',4,13,9,0,'2021-09-02 12:15:06.453',0,NULL,NULL);
INSERT INTO Company_Client_Project_Scheme (Id,CompanyCode,ClientId,ProjectId,SchemeId,IsRequired,CreatedOn,CreatedBy,LastModifiedOn,LastModifiedBy) VALUES
	 (1673,N'IMM',4,13,10,0,'2021-09-02 12:15:06.453',0,NULL,NULL),
	 (1674,N'IMM',4,13,12,0,'2021-09-02 12:15:06.453',0,NULL,NULL),
	 (1675,N'IMM',4,13,14,0,'2021-09-02 12:15:06.453',0,NULL,NULL),
	 (1676,N'IMM',4,13,17,0,'2021-09-02 12:15:06.453',0,NULL,NULL),
	 (1677,N'IMM',4,13,18,0,'2021-09-02 12:15:06.453',0,NULL,NULL),
	 (1678,N'IMM',4,13,19,1,'2021-09-02 12:15:06.453',0,NULL,NULL),
	 (1679,N'IMM',4,13,20,1,'2021-09-02 12:15:06.453',0,NULL,NULL),
	 (1680,N'IMM',4,13,21,0,'2021-09-02 12:15:06.453',0,NULL,NULL),
	 (1681,N'IMM',4,13,22,0,'2021-09-02 12:15:06.453',0,NULL,NULL),
	 (1682,N'IMM',4,13,23,0,'2021-09-02 12:15:06.453',0,NULL,NULL);
INSERT INTO Company_Client_Project_Scheme (Id,CompanyCode,ClientId,ProjectId,SchemeId,IsRequired,CreatedOn,CreatedBy,LastModifiedOn,LastModifiedBy) VALUES
	 (1683,N'IMM',4,13,24,0,'2021-09-02 12:15:06.453',0,NULL,NULL),
	 (1684,N'IMM',4,13,27,0,'2021-09-02 12:15:06.453',0,NULL,NULL),
	 (1685,N'IMM',4,13,28,0,'2021-09-02 12:15:06.453',0,NULL,NULL),
	 (1686,N'IMM',4,13,29,0,'2021-09-02 12:15:06.453',0,NULL,NULL),
	 (1687,N'IMM',4,13,30,0,'2021-09-02 12:15:06.453',0,NULL,NULL),
	 (1688,N'IMM',4,13,31,0,'2021-09-02 12:15:06.453',0,NULL,NULL),
	 (1689,N'IMM',5,17,1,0,'2021-09-02 12:15:06.453',0,NULL,NULL),
	 (1690,N'IMM',5,17,4,1,'2021-09-02 12:15:06.453',0,NULL,NULL),
	 (1691,N'IMM',5,17,5,0,'2021-09-02 12:15:06.453',0,NULL,NULL),
	 (1692,N'IMM',5,17,6,0,'2021-09-02 12:15:06.453',0,NULL,NULL);
INSERT INTO Company_Client_Project_Scheme (Id,CompanyCode,ClientId,ProjectId,SchemeId,IsRequired,CreatedOn,CreatedBy,LastModifiedOn,LastModifiedBy) VALUES
	 (1693,N'IMM',5,17,7,1,'2021-09-02 12:15:06.453',0,NULL,NULL),
	 (1694,N'IMM',5,17,8,1,'2021-09-02 12:15:06.453',0,NULL,NULL),
	 (1695,N'IMM',5,17,9,1,'2021-09-02 12:15:06.453',0,NULL,NULL),
	 (1696,N'IMM',5,17,10,0,'2021-09-02 12:15:06.453',0,NULL,NULL),
	 (1697,N'IMM',5,17,12,0,'2021-09-02 12:15:06.453',0,NULL,NULL),
	 (1698,N'IMM',5,17,14,0,'2021-09-02 12:15:06.453',0,NULL,NULL),
	 (1699,N'IMM',5,17,17,0,'2021-09-02 12:15:06.453',0,NULL,NULL),
	 (1700,N'IMM',5,17,18,0,'2021-09-02 12:15:06.453',0,NULL,NULL),
	 (1701,N'IMM',5,17,19,0,'2021-09-02 12:15:06.453',0,NULL,NULL),
	 (1702,N'IMM',5,17,20,1,'2021-09-02 12:15:06.453',0,NULL,NULL);
INSERT INTO Company_Client_Project_Scheme (Id,CompanyCode,ClientId,ProjectId,SchemeId,IsRequired,CreatedOn,CreatedBy,LastModifiedOn,LastModifiedBy) VALUES
	 (1703,N'IMM',5,17,21,0,'2021-09-02 12:15:06.453',0,NULL,NULL),
	 (1704,N'IMM',5,17,22,0,'2021-09-02 12:15:06.453',0,NULL,NULL),
	 (1705,N'IMM',5,17,23,1,'2021-09-02 12:15:06.453',0,NULL,NULL),
	 (1706,N'IMM',5,17,24,1,'2021-09-02 12:15:06.453',0,NULL,NULL),
	 (1707,N'IMM',5,17,27,0,'2021-09-02 12:15:06.453',0,NULL,NULL),
	 (1708,N'IMM',5,17,28,1,'2021-09-02 12:15:06.453',0,NULL,NULL),
	 (1709,N'IMM',5,17,29,1,'2021-09-02 12:15:06.453',0,NULL,NULL),
	 (1710,N'IMM',5,17,30,0,'2021-09-02 12:15:06.453',0,NULL,NULL),
	 (1711,N'IMM',5,17,31,1,'2021-09-02 12:15:06.453',0,NULL,NULL),
	 (1712,N'IMM',6,12,1,0,'2021-09-02 12:15:06.453',0,NULL,NULL);
INSERT INTO Company_Client_Project_Scheme (Id,CompanyCode,ClientId,ProjectId,SchemeId,IsRequired,CreatedOn,CreatedBy,LastModifiedOn,LastModifiedBy) VALUES
	 (1713,N'IMM',6,12,4,0,'2021-09-02 12:15:06.453',0,NULL,NULL),
	 (1714,N'IMM',6,12,5,1,'2021-09-02 12:15:06.453',0,NULL,NULL),
	 (1715,N'IMM',6,12,6,0,'2021-09-02 12:15:06.453',0,NULL,NULL),
	 (1716,N'IMM',6,12,7,0,'2021-09-02 12:15:06.453',0,NULL,NULL),
	 (1717,N'IMM',6,12,8,0,'2021-09-02 12:15:06.453',0,NULL,NULL),
	 (1718,N'IMM',6,12,9,0,'2021-09-02 12:15:06.453',0,NULL,NULL),
	 (1719,N'IMM',6,12,10,0,'2021-09-02 12:15:06.453',0,NULL,NULL),
	 (1720,N'IMM',6,12,12,0,'2021-09-02 12:15:06.453',0,NULL,NULL),
	 (1721,N'IMM',6,12,14,0,'2021-09-02 12:15:06.453',0,NULL,NULL),
	 (1722,N'IMM',6,12,17,1,'2021-09-02 12:15:06.453',0,NULL,NULL);
INSERT INTO Company_Client_Project_Scheme (Id,CompanyCode,ClientId,ProjectId,SchemeId,IsRequired,CreatedOn,CreatedBy,LastModifiedOn,LastModifiedBy) VALUES
	 (1723,N'IMM',6,12,18,0,'2021-09-02 12:15:06.453',0,NULL,NULL),
	 (1724,N'IMM',6,12,19,1,'2021-09-02 12:15:06.453',0,NULL,NULL),
	 (1725,N'IMM',6,12,20,1,'2021-09-02 12:15:06.453',0,NULL,NULL),
	 (1726,N'IMM',6,12,21,0,'2021-09-02 12:15:06.453',0,NULL,NULL),
	 (1727,N'IMM',6,12,22,0,'2021-09-02 12:15:06.453',0,NULL,NULL),
	 (1728,N'IMM',6,12,23,0,'2021-09-02 12:15:06.453',0,NULL,NULL),
	 (1729,N'IMM',6,12,24,0,'2021-09-02 12:15:06.453',0,NULL,NULL),
	 (1730,N'IMM',6,12,27,0,'2021-09-02 12:15:06.453',0,NULL,NULL),
	 (1731,N'IMM',6,12,28,0,'2021-09-02 12:15:06.453',0,NULL,NULL),
	 (1732,N'IMM',6,12,29,1,'2021-09-02 12:15:06.453',0,NULL,NULL);
INSERT INTO Company_Client_Project_Scheme (Id,CompanyCode,ClientId,ProjectId,SchemeId,IsRequired,CreatedOn,CreatedBy,LastModifiedOn,LastModifiedBy) VALUES
	 (1733,N'IMM',6,12,30,0,'2021-09-02 12:15:06.453',0,NULL,NULL),
	 (1734,N'IMM',6,12,31,0,'2021-09-02 12:15:06.453',0,NULL,NULL),
	 (1735,N'IMM',6,13,1,0,'2021-09-02 12:15:06.453',0,NULL,NULL),
	 (1736,N'IMM',6,13,4,0,'2021-09-02 12:15:06.453',0,NULL,NULL),
	 (1737,N'IMM',6,13,5,0,'2021-09-02 12:15:06.453',0,NULL,NULL),
	 (1738,N'IMM',6,13,6,0,'2021-09-02 12:15:06.453',0,NULL,NULL),
	 (1739,N'IMM',6,13,7,0,'2021-09-02 12:15:06.453',0,NULL,NULL),
	 (1740,N'IMM',6,13,8,0,'2021-09-02 12:15:06.453',0,NULL,NULL),
	 (1741,N'IMM',6,13,9,0,'2021-09-02 12:15:06.453',0,NULL,NULL),
	 (1742,N'IMM',6,13,10,0,'2021-09-02 12:15:06.453',0,NULL,NULL);
INSERT INTO Company_Client_Project_Scheme (Id,CompanyCode,ClientId,ProjectId,SchemeId,IsRequired,CreatedOn,CreatedBy,LastModifiedOn,LastModifiedBy) VALUES
	 (1743,N'IMM',6,13,12,0,'2021-09-02 12:15:06.453',0,NULL,NULL),
	 (1744,N'IMM',6,13,14,0,'2021-09-02 12:15:06.453',0,NULL,NULL),
	 (1745,N'IMM',6,13,17,0,'2021-09-02 12:15:06.453',0,NULL,NULL),
	 (1746,N'IMM',6,13,18,0,'2021-09-02 12:15:06.453',0,NULL,NULL),
	 (1747,N'IMM',6,13,19,1,'2021-09-02 12:15:06.453',0,NULL,NULL),
	 (1748,N'IMM',6,13,20,1,'2021-09-02 12:15:06.453',0,NULL,NULL),
	 (1749,N'IMM',6,13,21,0,'2021-09-02 12:15:06.453',0,NULL,NULL),
	 (1750,N'IMM',6,13,22,0,'2021-09-02 12:15:06.453',0,NULL,NULL),
	 (1751,N'IMM',6,13,23,0,'2021-09-02 12:15:06.453',0,NULL,NULL),
	 (1752,N'IMM',6,13,24,0,'2021-09-02 12:15:06.453',0,NULL,NULL);
INSERT INTO Company_Client_Project_Scheme (Id,CompanyCode,ClientId,ProjectId,SchemeId,IsRequired,CreatedOn,CreatedBy,LastModifiedOn,LastModifiedBy) VALUES
	 (1753,N'IMM',6,13,27,0,'2021-09-02 12:15:06.453',0,NULL,NULL),
	 (1754,N'IMM',6,13,28,0,'2021-09-02 12:15:06.453',0,NULL,NULL),
	 (1755,N'IMM',6,13,29,0,'2021-09-02 12:15:06.453',0,NULL,NULL),
	 (1756,N'IMM',6,13,30,0,'2021-09-02 12:15:06.453',0,NULL,NULL),
	 (1757,N'IMM',6,13,31,0,'2021-09-02 12:15:06.453',0,NULL,NULL),
	 (1758,N'IMM',7,19,1,0,'2021-09-02 12:15:06.453',0,NULL,NULL),
	 (1759,N'IMM',7,19,4,0,'2021-09-02 12:15:06.453',0,NULL,NULL),
	 (1760,N'IMM',7,19,5,0,'2021-09-02 12:15:06.453',0,NULL,NULL),
	 (1761,N'IMM',7,19,6,0,'2021-09-02 12:15:06.453',0,NULL,NULL),
	 (1762,N'IMM',7,19,7,0,'2021-09-02 12:15:06.453',0,NULL,NULL);
INSERT INTO Company_Client_Project_Scheme (Id,CompanyCode,ClientId,ProjectId,SchemeId,IsRequired,CreatedOn,CreatedBy,LastModifiedOn,LastModifiedBy) VALUES
	 (1763,N'IMM',7,19,8,0,'2021-09-02 12:15:06.453',0,NULL,NULL),
	 (1764,N'IMM',7,19,9,0,'2021-09-02 12:15:06.453',0,NULL,NULL),
	 (1765,N'IMM',7,19,10,0,'2021-09-02 12:15:06.453',0,NULL,NULL),
	 (1766,N'IMM',7,19,12,0,'2021-09-02 12:15:06.453',0,NULL,NULL),
	 (1767,N'IMM',7,19,14,0,'2021-09-02 12:15:06.453',0,NULL,NULL),
	 (1768,N'IMM',7,19,17,0,'2021-09-02 12:15:06.453',0,NULL,NULL),
	 (1769,N'IMM',7,19,18,0,'2021-09-02 12:15:06.453',0,NULL,NULL),
	 (1770,N'IMM',7,19,19,0,'2021-09-02 12:15:06.453',0,NULL,NULL),
	 (1771,N'IMM',7,19,20,0,'2021-09-02 12:15:06.453',0,NULL,NULL),
	 (1772,N'IMM',7,19,21,0,'2021-09-02 12:15:06.453',0,NULL,NULL);
INSERT INTO Company_Client_Project_Scheme (Id,CompanyCode,ClientId,ProjectId,SchemeId,IsRequired,CreatedOn,CreatedBy,LastModifiedOn,LastModifiedBy) VALUES
	 (1773,N'IMM',7,19,22,0,'2021-09-02 12:15:06.453',0,NULL,NULL),
	 (1774,N'IMM',7,19,23,0,'2021-09-02 12:15:06.453',0,NULL,NULL),
	 (1775,N'IMM',7,19,24,0,'2021-09-02 12:15:06.453',0,NULL,NULL),
	 (1776,N'IMM',7,19,27,0,'2021-09-02 12:15:06.453',0,NULL,NULL),
	 (1777,N'IMM',7,19,28,0,'2021-09-02 12:15:06.453',0,NULL,NULL),
	 (1778,N'IMM',7,19,29,0,'2021-09-02 12:15:06.453',0,NULL,NULL),
	 (1779,N'IMM',7,19,30,0,'2021-09-02 12:15:06.453',0,NULL,NULL),
	 (1780,N'IMM',7,19,31,0,'2021-09-02 12:15:06.453',0,NULL,NULL),
	 (1781,N'IMM',8,22,1,0,'2021-09-02 12:15:06.453',0,NULL,NULL),
	 (1782,N'IMM',8,22,4,1,'2021-09-02 12:15:06.453',0,NULL,NULL);
INSERT INTO Company_Client_Project_Scheme (Id,CompanyCode,ClientId,ProjectId,SchemeId,IsRequired,CreatedOn,CreatedBy,LastModifiedOn,LastModifiedBy) VALUES
	 (1783,N'IMM',8,22,5,0,'2021-09-02 12:15:06.453',0,NULL,NULL),
	 (1784,N'IMM',8,22,6,0,'2021-09-02 12:15:06.453',0,NULL,NULL),
	 (1785,N'IMM',8,22,7,1,'2021-09-02 12:15:06.453',0,NULL,NULL),
	 (1786,N'IMM',8,22,8,1,'2021-09-02 12:15:06.453',0,NULL,NULL),
	 (1787,N'IMM',8,22,9,1,'2021-09-02 12:15:06.453',0,NULL,NULL),
	 (1788,N'IMM',8,22,10,0,'2021-09-02 12:15:06.453',0,NULL,NULL),
	 (1789,N'IMM',8,22,12,0,'2021-09-02 12:15:06.453',0,NULL,NULL),
	 (1790,N'IMM',8,22,14,0,'2021-09-02 12:15:06.453',0,NULL,NULL),
	 (1791,N'IMM',8,22,17,0,'2021-09-02 12:15:06.453',0,NULL,NULL),
	 (1792,N'IMM',8,22,18,0,'2021-09-02 12:15:06.453',0,NULL,NULL);
INSERT INTO Company_Client_Project_Scheme (Id,CompanyCode,ClientId,ProjectId,SchemeId,IsRequired,CreatedOn,CreatedBy,LastModifiedOn,LastModifiedBy) VALUES
	 (1793,N'IMM',8,22,19,0,'2021-09-02 12:15:06.453',0,NULL,NULL),
	 (1794,N'IMM',8,22,20,1,'2021-09-02 12:15:06.453',0,NULL,NULL),
	 (1795,N'IMM',8,22,21,0,'2021-09-02 12:15:06.453',0,NULL,NULL),
	 (1796,N'IMM',8,22,22,0,'2021-09-02 12:15:06.453',0,NULL,NULL),
	 (1797,N'IMM',8,22,23,1,'2021-09-02 12:15:06.453',0,NULL,NULL),
	 (1798,N'IMM',8,22,24,1,'2021-09-02 12:15:06.453',0,NULL,NULL),
	 (1799,N'IMM',8,22,27,0,'2021-09-02 12:15:06.453',0,NULL,NULL),
	 (1800,N'IMM',8,22,28,1,'2021-09-02 12:15:06.453',0,NULL,NULL),
	 (1801,N'IMM',8,22,29,1,'2021-09-02 12:15:06.453',0,NULL,NULL),
	 (1802,N'IMM',8,22,30,0,'2021-09-02 12:15:06.453',0,NULL,NULL);
INSERT INTO Company_Client_Project_Scheme (Id,CompanyCode,ClientId,ProjectId,SchemeId,IsRequired,CreatedOn,CreatedBy,LastModifiedOn,LastModifiedBy) VALUES
	 (1803,N'IMM',8,22,31,1,'2021-09-02 12:15:06.453',0,NULL,NULL),
	 (1804,N'IMM',9,23,1,0,'2021-09-02 12:15:06.453',0,NULL,NULL),
	 (1805,N'IMM',9,23,4,1,'2021-09-02 12:15:06.453',0,NULL,NULL),
	 (1806,N'IMM',9,23,5,0,'2021-09-02 12:15:06.453',0,NULL,NULL),
	 (1807,N'IMM',9,23,6,0,'2021-09-02 12:15:06.453',0,NULL,NULL),
	 (1808,N'IMM',9,23,7,1,'2021-09-02 12:15:06.453',0,NULL,NULL),
	 (1809,N'IMM',9,23,8,1,'2021-09-02 12:15:06.453',0,NULL,NULL),
	 (1810,N'IMM',9,23,9,1,'2021-09-02 12:15:06.453',0,NULL,NULL),
	 (1811,N'IMM',9,23,10,0,'2021-09-02 12:15:06.453',0,NULL,NULL),
	 (1812,N'IMM',9,23,12,0,'2021-09-02 12:15:06.453',0,NULL,NULL);
INSERT INTO Company_Client_Project_Scheme (Id,CompanyCode,ClientId,ProjectId,SchemeId,IsRequired,CreatedOn,CreatedBy,LastModifiedOn,LastModifiedBy) VALUES
	 (1813,N'IMM',9,23,14,0,'2021-09-02 12:15:06.453',0,NULL,NULL),
	 (1814,N'IMM',9,23,17,0,'2021-09-02 12:15:06.453',0,NULL,NULL),
	 (1815,N'IMM',9,23,18,0,'2021-09-02 12:15:06.453',0,NULL,NULL),
	 (1816,N'IMM',9,23,19,0,'2021-09-02 12:15:06.453',0,NULL,NULL),
	 (1817,N'IMM',9,23,20,1,'2021-09-02 12:15:06.453',0,NULL,NULL),
	 (1818,N'IMM',9,23,21,0,'2021-09-02 12:15:06.453',0,NULL,NULL),
	 (1819,N'IMM',9,23,22,0,'2021-09-02 12:15:06.453',0,NULL,NULL),
	 (1820,N'IMM',9,23,23,1,'2021-09-02 12:15:06.453',0,NULL,NULL),
	 (1821,N'IMM',9,23,24,1,'2021-09-02 12:15:06.453',0,NULL,NULL),
	 (1822,N'IMM',9,23,27,0,'2021-09-02 12:15:06.453',0,NULL,NULL);
INSERT INTO Company_Client_Project_Scheme (Id,CompanyCode,ClientId,ProjectId,SchemeId,IsRequired,CreatedOn,CreatedBy,LastModifiedOn,LastModifiedBy) VALUES
	 (1823,N'IMM',9,23,28,1,'2021-09-02 12:15:06.453',0,NULL,NULL),
	 (1824,N'IMM',9,23,29,1,'2021-09-02 12:15:06.453',0,NULL,NULL),
	 (1825,N'IMM',9,23,30,0,'2021-09-02 12:15:06.453',0,NULL,NULL),
	 (1826,N'IMM',9,23,31,1,'2021-09-02 12:15:06.453',0,NULL,NULL),
	 (1827,N'IMM',4,13,33,1,'2021-09-02 12:15:06.0',0,NULL,NULL),
	 (1828,N'IMM',6,13,33,1,'2021-09-02 12:15:06.0',0,NULL,NULL);

SET IDENTITY_INSERT [dbo].[Client] OFF 
SET IDENTITY_INSERT [dbo].[Project] OFF 
SET IDENTITY_INSERT [dbo].[Scheme] OFF 
SET IDENTITY_INSERT [dbo].[RefType] OFF
SET IDENTITY_INSERT [dbo].[CompanyRefType] OFF 
SET IDENTITY_INSERT [dbo].[Company_Client_Project_Scheme] OFF 

GO